股票代码,交易日期,开盘价,最高价,最低价,收盘价,昨收价,涨跌额,涨跌幅,成交量（手）,成交额（千元）
002121.SZ,20221125,9.58,9.63,9.26,9.3,9.65,-0.35,-3.6269,380142.04,354573.579
002121.SZ,20221124,9.5,9.92,9.46,9.65,9.55,0.1,1.0471,580550.31,564671.935
002121.SZ,20221123,9.15,9.64,9.01,9.55,9.19,0.36,3.9173,463032.75,434492.005
002121.SZ,20221122,9.51,9.55,9.15,9.19,9.57,-0.38,-3.9707,398415.72,369837.079
002121.SZ,20221121,9.21,9.67,9.21,9.57,9.28,0.29,3.125,394934.53,374836.143
002121.SZ,20221118,9.29,9.46,9.07,9.28,9.35,-0.07,-0.7487,325415.3,302178.666
002121.SZ,20221117,9.46,9.5,9.23,9.35,9.58,-0.23,-2.4008,302793.88,282439.406
002121.SZ,20221116,9.6,10.1,9.54,9.58,9.65,-0.07,-0.7254,396283.58,385879.8
002121.SZ,20221115,9.2,9.71,9.15,9.65,9.26,0.39,4.2117,462836.57,439918.919
002121.SZ,20221114,9.6,9.68,9.2,9.26,9.82,-0.56,-5.7026,554266.93,522245.738
002121.SZ,20221111,10.02,10.3,9.78,9.82,9.8,0.02,0.2041,419895.65,418113.435
002121.SZ,20221110,10.07,10.19,9.74,9.8,10.21,-0.41,-4.0157,452543.64,448718.004
002121.SZ,20221109,9.86,10.37,9.67,10.21,9.83,0.38,3.8657,562214.19,569247.489
002121.SZ,20221108,9.98,10.02,9.58,9.83,9.97,-0.14,-1.4042,500299.19,487054.852
002121.SZ,20221107,10.35,10.4,9.89,9.97,10.44,-0.47,-4.5019,687818.31,693287.303
002121.SZ,20221104,10.2,10.62,10.07,10.44,10.26,0.18,1.7544,583403.93,607799.366
002121.SZ,20221103,9.94,10.5,9.88,10.26,9.99,0.27,2.7027,631641.58,648100.626
002121.SZ,20221102,9.95,10.14,9.61,9.99,10.12,-0.13,-1.2846,598952.09,591564.668
002121.SZ,20221101,9.65,10.31,9.47,10.12,9.45,0.67,7.0899,806099.45,806494.881
002121.SZ,20221031,9.35,9.76,9.3,9.45,9.4,0.05,0.5319,628252.49,599412.976
002121.SZ,20221028,9.93,10.0,9.13,9.4,10.02,-0.62,-6.1876,1177438.12,1114350.37
002121.SZ,20221027,11.22,11.33,9.97,10.02,10.96,-0.94,-8.5766,1480662.86,1570427.99
002121.SZ,20221026,10.23,10.96,10.11,10.96,9.96,1.0,10.0402,1408244.56,1512583.192
002121.SZ,20221025,10.0,10.23,9.8,9.96,10.17,-0.21,-2.0649,562891.48,561811.165
002121.SZ,20221024,10.31,10.66,10.04,10.17,10.4,-0.23,-2.2115,770300.32,791543.359
002121.SZ,20221021,9.94,10.48,9.78,10.4,9.97,0.43,4.3129,786695.03,802195.353
002121.SZ,20221020,10.01,10.47,9.6,9.97,10.19,-0.22,-2.159,909477.09,911150.211
002121.SZ,20221019,9.84,10.68,9.68,10.19,9.84,0.35,3.5569,1465785.56,1497654.224
002121.SZ,20221018,9.1,10.14,9.1,9.84,9.22,0.62,6.7245,1711330.8,1686515.672
002121.SZ,20221017,8.99,9.49,8.81,9.22,9.05,0.17,1.8785,646673.95,595254.182
002121.SZ,20221014,9.05,9.19,8.81,9.05,8.93,0.12,1.3438,744317.48,669474.259
002121.SZ,20221013,8.86,9.29,8.86,8.93,9.0,-0.07,-0.7778,837536.65,759405.858
002121.SZ,20221012,8.59,9.14,8.35,9.0,8.65,0.35,4.0462,875895.08,761009.944
002121.SZ,20221011,8.02,8.77,7.97,8.65,8.01,0.64,7.99,852492.0,724022.93
002121.SZ,20221010,7.88,8.25,7.67,8.01,7.87,0.14,1.7789,550651.64,440857.464
002121.SZ,20220930,7.66,8.21,7.66,7.87,7.72,0.15,1.943,661102.32,529039.92
002121.SZ,20220929,7.75,7.83,7.53,7.72,7.7,0.02,0.2597,321256.42,247627.758
002121.SZ,20220928,8.04,8.13,7.66,7.7,8.04,-0.34,-4.2289,382581.6,298967.393
002121.SZ,20220927,7.75,8.1,7.75,8.04,7.76,0.28,3.6082,421274.35,335480.908
002121.SZ,20220926,7.66,8.06,7.61,7.76,7.73,0.03,0.3881,328402.55,256985.477
002121.SZ,20220923,8.0,8.15,7.62,7.73,8.06,-0.33,-4.0943,383608.48,299263.958
002121.SZ,20220922,7.92,8.36,7.79,8.06,8.0,0.06,0.75,419315.83,339130.433
002121.SZ,20220921,7.89,8.04,7.73,8.0,7.93,0.07,0.8827,340087.31,270359.494
002121.SZ,20220920,7.79,8.06,7.71,7.93,7.74,0.19,2.4548,375603.58,298971.903
002121.SZ,20220919,7.68,7.93,7.55,7.74,7.71,0.03,0.3891,330734.08,255438.576
002121.SZ,20220916,7.84,8.03,7.67,7.71,7.84,-0.13,-1.6582,370115.25,288781.791
002121.SZ,20220915,8.7,8.7,7.84,7.84,8.71,-0.87,-9.9885,921949.58,743590.769
002121.SZ,20220914,8.4,8.76,8.32,8.71,8.54,0.17,1.9906,629601.9,535951.959
002121.SZ,20220913,8.6,8.73,8.18,8.54,8.58,-0.04,-0.4662,586237.01,493197.375
002121.SZ,20220909,8.69,8.73,8.34,8.58,8.65,-0.07,-0.8092,349488.67,296473.928
002121.SZ,20220908,8.85,9.04,8.62,8.65,8.92,-0.27,-3.0269,439930.46,387315.116
002121.SZ,20220907,8.8,9.08,8.76,8.92,8.92,0.0,0.0,660776.5,588584.731
002121.SZ,20220906,8.48,9.05,8.18,8.92,8.35,0.57,6.8263,919946.0,801313.257
002121.SZ,20220905,8.11,8.52,8.04,8.35,8.11,0.24,2.9593,564745.78,470353.96
002121.SZ,20220902,7.87,8.34,7.74,8.11,7.83,0.28,3.576,651507.4,526806.581
002121.SZ,20220901,8.07,8.36,7.83,7.83,8.42,-0.59,-7.0071,992524.48,797161.97
002121.SZ,20220831,8.58,9.16,8.3,8.42,8.33,0.09,1.0804,1462378.03,1290382.001
002121.SZ,20220830,8.97,9.03,8.24,8.33,8.97,-0.64,-7.1349,940106.55,799164.634
002121.SZ,20220829,8.88,9.26,8.7,8.97,9.3,-0.33,-3.5484,698562.0,628704.644
002121.SZ,20220826,9.53,9.93,9.23,9.3,9.23,0.07,0.7584,1000940.63,961020.583
002121.SZ,20220825,9.65,9.95,9.03,9.23,9.68,-0.45,-4.6488,927231.13,880855.284
002121.SZ,20220824,10.11,10.64,9.51,9.68,10.14,-0.46,-4.5365,1503353.87,1513530.66
002121.SZ,20220823,9.18,10.14,9.15,10.14,9.22,0.92,9.9783,688112.99,678928.177
002121.SZ,20220822,9.4,9.5,8.99,9.22,9.21,0.01,0.1086,670400.48,618335.235
002121.SZ,20220819,9.75,9.89,9.2,9.21,9.69,-0.48,-4.9536,854434.41,812788.652
002121.SZ,20220818,9.05,9.91,9.01,9.69,9.1,0.59,6.4835,1129393.12,1087292.378
002121.SZ,20220817,8.96,9.35,8.79,9.1,8.94,0.16,1.7897,903719.21,819274.537
002121.SZ,20220816,8.9,9.22,8.81,8.94,8.91,0.03,0.3367,941428.44,848883.922
002121.SZ,20220815,8.35,8.98,8.28,8.91,8.37,0.54,6.4516,893344.24,779676.566
002121.SZ,20220812,8.59,8.92,8.34,8.37,8.65,-0.28,-3.237,729944.39,626255.327
002121.SZ,20220811,8.81,8.98,8.57,8.65,8.91,-0.26,-2.9181,688173.24,599775.445
002121.SZ,20220810,8.71,9.08,8.61,8.91,8.88,0.03,0.3378,910225.44,801642.359
002121.SZ,20220809,8.51,9.26,8.4,8.88,8.53,0.35,4.1032,1184966.77,1049673.142
002121.SZ,20220808,8.2,8.68,8.02,8.53,8.23,0.3,3.6452,809570.19,686057.521
002121.SZ,20220805,8.44,8.53,8.05,8.23,8.44,-0.21,-2.4882,754244.0,623213.601
002121.SZ,20220804,8.44,8.55,8.26,8.44,8.4,0.04,0.4762,678690.09,570561.404
002121.SZ,20220803,9.08,9.22,8.3,8.4,8.95,-0.55,-6.1453,1194957.77,1050264.757
002121.SZ,20220802,9.3,9.39,8.7,8.95,9.56,-0.61,-6.3808,1401471.77,1263889.228
002121.SZ,20220801,10.05,10.33,9.37,9.56,10.23,-0.67,-6.5494,1649554.79,1594710.126
002121.SZ,20220729,9.96,10.75,9.96,10.23,9.97,0.26,2.6078,1682038.44,1745815.925
002121.SZ,20220728,10.1,10.4,9.73,9.97,9.78,0.19,1.9427,2004165.94,2016548.934
002121.SZ,20220727,9.11,9.78,8.74,9.78,8.89,0.89,10.0112,1836083.08,1713263.275
002121.SZ,20220726,9.61,9.69,8.73,8.89,9.56,-0.67,-7.0084,1954582.18,1776546.024
002121.SZ,20220725,10.05,10.24,9.38,9.56,10.08,-0.52,-5.1587,1576946.2,1537637.795
002121.SZ,20220722,9.99,10.32,9.39,10.08,9.9,0.18,1.8182,2593044.68,2556914.481
002121.SZ,20220721,9.89,9.9,9.26,9.9,9.0,0.9,10.0,1155489.8,1125416.351
002121.SZ,20220720,9.0,9.0,9.0,9.0,8.18,0.82,10.0244,163707.52,147336.768
002121.SZ,20220719,7.95,8.38,7.78,8.18,7.62,0.56,7.3491,2495482.49,2044333.08
002121.SZ,20220718,7.03,7.62,7.03,7.62,6.93,0.69,9.9567,1602743.44,1206582.516
002121.SZ,20220715,7.11,7.24,6.92,6.93,7.22,-0.29,-4.0166,749303.5,529287.951
002121.SZ,20220714,6.96,7.49,6.91,7.22,7.0,0.22,3.1429,1174457.06,854153.228
002121.SZ,20220713,6.7,7.12,6.6,7.0,6.74,0.26,3.8576,831526.0,577007.416
002121.SZ,20220712,6.7,6.83,6.45,6.74,6.75,-0.01,-0.1481,600476.26,398843.606
002121.SZ,20220711,6.67,6.78,6.51,6.75,6.67,0.08,1.1994,502098.49,334524.237
002121.SZ,20220708,7.15,7.25,6.63,6.67,7.13,-0.46,-6.4516,1102662.09,755954.945
002121.SZ,20220707,6.82,7.22,6.63,7.13,6.88,0.25,3.6337,1103176.67,771246.738
002121.SZ,20220706,7.08,7.09,6.66,6.88,7.03,-0.15,-2.1337,726540.8,499972.386
002121.SZ,20220705,7.04,7.13,6.86,7.03,7.07,-0.04,-0.5658,657637.3,459626.257
002121.SZ,20220704,6.54,7.09,6.51,7.07,6.61,0.46,6.9592,1065684.81,731667.081
002121.SZ,20220701,6.52,6.74,6.41,6.61,6.51,0.1,1.5361,709178.27,466841.116
002121.SZ,20220630,6.7,6.77,6.43,6.51,7.13,-0.62,-8.6957,1398155.44,919753.787
002121.SZ,20220629,7.8,7.8,7.13,7.13,7.92,-0.79,-9.9747,1659818.11,1202151.574
002121.SZ,20220628,7.07,7.92,7.02,7.92,7.2,0.72,10.0,2335609.98,1804970.825
002121.SZ,20220627,6.93,7.43,6.85,7.2,7.0,0.2,2.8571,1423168.55,1013082.801
002121.SZ,20220624,6.73,7.43,6.69,7.0,6.75,0.25,3.7037,1755537.53,1247936.722
002121.SZ,20220623,6.48,6.92,6.35,6.75,6.5,0.25,3.8462,1180944.82,784890.41
002121.SZ,20220622,6.43,6.69,6.37,6.5,6.41,0.09,1.4041,861702.5,562900.366
002121.SZ,20220621,6.88,6.95,6.31,6.41,6.97,-0.56,-8.0344,1359454.73,899605.196
002121.SZ,20220620,6.67,7.04,6.58,6.97,6.65,0.32,4.812,1208944.52,832002.088
002121.SZ,20220617,6.69,6.9,6.59,6.65,6.67,-0.02,-0.2999,1013509.25,683943.993
002121.SZ,20220616,6.5,6.79,6.41,6.67,6.72,-0.05,-0.744,1025341.15,674962.781
002121.SZ,20220615,7.27,7.38,6.72,6.72,7.47,-0.75,-10.0402,1662204.33,1144314.597
002121.SZ,20220614,7.66,7.68,7.19,7.47,7.99,-0.52,-6.5081,2308401.74,1690729.126
002121.SZ,20220613,7.85,8.24,7.59,7.99,7.68,0.31,4.0365,2506492.27,1973430.46
002121.SZ,20220610,7.2,7.81,7.13,7.68,7.1,0.58,8.169,2251852.8,1726299.579
002121.SZ,20220609,7.58,7.65,7.1,7.1,7.69,-0.59,-7.6723,1822778.5,1336646.029
002121.SZ,20220608,7.34,8.21,7.22,7.69,7.46,0.23,3.0831,2656070.18,2035722.087
002121.SZ,20220607,7.4,7.5,6.78,7.46,7.22,0.24,3.3241,2070344.94,1498268.639
002121.SZ,20220606,7.11,7.6,7.0,7.22,7.2,0.02,0.2778,1982816.17,1443011.501
002121.SZ,20220602,7.45,7.68,6.85,7.2,7.45,-0.25,-3.3557,2429982.03,1760990.32
002121.SZ,20220601,6.8,7.45,6.8,7.45,6.77,0.68,10.0443,901083.22,657739.677
002121.SZ,20220531,6.56,7.15,6.15,6.77,6.64,0.13,1.9578,2516194.77,1663757.006
002121.SZ,20220530,6.08,6.64,5.8,6.64,6.04,0.6,9.9338,3003955.1,1870415.08
002121.SZ,20220527,6.04,6.04,6.01,6.04,5.49,0.55,10.0182,1423806.48,859956.189
002121.SZ,20220526,5.49,5.49,5.49,5.49,4.99,0.5,10.02,26178.5,14371.997
002121.SZ,20220525,4.99,4.99,4.99,4.99,4.54,0.45,9.9119,15813.93,7891.151
002121.SZ,20220524,4.54,4.54,4.54,4.54,4.13,0.41,9.9274,11978.26,5438.13
002121.SZ,20220516,4.2,4.4,4.13,4.13,4.04,0.09,2.2277,152256.0,64960.547
002121.SZ,20220513,4.06,4.08,4.0,4.04,4.03,0.01,0.2481,38794.5,15634.995
002121.SZ,20220512,3.97,4.06,3.96,4.03,4.01,0.02,0.4988,44249.5,17782.569
002121.SZ,20220511,4.03,4.12,4.01,4.01,4.02,-0.01,-0.2488,56856.77,23189.258
002121.SZ,20220510,3.96,4.03,3.91,4.02,3.97,0.05,1.2594,37516.03,15006.464
002121.SZ,20220509,3.95,4.03,3.95,3.97,3.96,0.01,0.2525,32047.53,12774.473
002121.SZ,20220506,3.86,3.97,3.84,3.96,3.98,-0.02,-0.5025,33795.45,13271.887
002121.SZ,20220505,3.89,4.02,3.86,3.98,3.9,0.08,2.0513,44465.95,17626.923
002121.SZ,20220429,3.77,3.97,3.77,3.9,3.76,0.14,3.7234,51663.0,20010.53
002121.SZ,20220428,3.8,3.9,3.71,3.76,3.9,-0.14,-3.5897,54323.61,20647.304
002121.SZ,20220427,3.65,3.91,3.46,3.9,3.78,0.12,3.1746,101689.1,38356.304
002121.SZ,20220426,3.84,3.97,3.76,3.78,3.85,-0.07,-1.8182,64131.75,24607.014
002121.SZ,20220425,4.19,4.19,3.85,3.85,4.23,-0.38,-8.9835,81682.33,32799.007
002121.SZ,20220422,4.3,4.3,4.21,4.23,4.31,-0.08,-1.8561,40862.87,17320.837
002121.SZ,20220421,4.44,4.45,4.29,4.31,4.44,-0.13,-2.9279,54997.1,23880.914
002121.SZ,20220420,4.49,4.52,4.43,4.44,4.49,-0.05,-1.1136,35189.0,15741.1
002121.SZ,20220419,4.43,4.51,4.41,4.49,4.42,0.07,1.5837,32216.5,14425.687
002121.SZ,20220418,4.41,4.45,4.35,4.42,4.42,0.0,0.0,25375.0,11184.311
002121.SZ,20220415,4.47,4.47,4.38,4.42,4.48,-0.06,-1.3393,38716.5,17110.268
002121.SZ,20220414,4.47,4.51,4.44,4.48,4.46,0.02,0.4484,38958.0,17417.378
002121.SZ,20220413,4.55,4.55,4.43,4.46,4.53,-0.07,-1.5453,42708.5,19087.646
002121.SZ,20220412,4.49,4.55,4.43,4.53,4.49,0.04,0.8909,43153.5,19391.671
002121.SZ,20220411,4.58,4.62,4.46,4.49,4.6,-0.11,-2.3913,59456.0,27017.643
002121.SZ,20220408,4.63,4.67,4.54,4.6,4.66,-0.06,-1.2876,59627.9,27423.058
002121.SZ,20220407,4.78,4.78,4.65,4.66,4.78,-0.12,-2.5105,69984.5,32822.316
002121.SZ,20220406,4.73,4.78,4.65,4.78,4.72,0.06,1.2712,78671.98,37001.632
002121.SZ,20220401,4.72,4.77,4.68,4.72,4.76,-0.04,-0.8403,72655.0,34280.753
002121.SZ,20220331,4.79,4.89,4.75,4.76,4.84,-0.08,-1.6529,112663.63,54012.522
002121.SZ,20220330,4.84,4.96,4.78,4.84,4.89,-0.05,-1.0225,169354.5,82181.266
002121.SZ,20220329,5.14,5.18,4.84,4.89,5.06,-0.17,-3.3597,384844.73,190502.524
002121.SZ,20220328,4.88,5.06,4.78,5.06,4.6,0.46,10.0,294099.63,147227.09
002121.SZ,20220325,4.66,4.68,4.6,4.6,4.66,-0.06,-1.2876,47799.5,22143.497
002121.SZ,20220324,4.7,4.72,4.64,4.66,4.72,-0.06,-1.2712,50959.12,23785.267
002121.SZ,20220323,4.68,4.77,4.68,4.72,4.68,0.04,0.8547,60316.38,28478.411
002121.SZ,20220322,4.69,4.78,4.61,4.68,4.6,0.08,1.7391,97364.5,45745.371
002121.SZ,20220321,4.57,4.63,4.51,4.6,4.57,0.03,0.6565,44598.0,20466.918
002121.SZ,20220318,4.58,4.6,4.48,4.57,4.54,0.03,0.6608,65604.02,29868.191
002121.SZ,20220317,4.49,4.61,4.49,4.54,4.48,0.06,1.3393,77287.74,35244.867
002121.SZ,20220316,4.5,4.53,4.3,4.48,4.42,0.06,1.3575,97849.02,43294.984
002121.SZ,20220315,4.67,4.67,4.4,4.42,4.7,-0.28,-5.9574,98600.8,44920.403
002121.SZ,20220314,4.66,4.78,4.65,4.7,4.77,-0.07,-1.4675,67177.03,31734.487
002121.SZ,20220311,4.61,4.77,4.58,4.77,4.68,0.09,1.9231,94876.5,44261.33
002121.SZ,20220310,4.72,4.74,4.64,4.68,4.57,0.11,2.407,83183.5,38942.268
002121.SZ,20220309,4.77,4.85,4.39,4.57,4.77,-0.2,-4.1929,154724.5,70716.082
002121.SZ,20220308,4.9,4.91,4.71,4.77,4.91,-0.14,-2.8513,108413.5,52218.085
002121.SZ,20220307,4.94,4.94,4.88,4.91,4.9,0.01,0.2041,67034.93,32905.787
002121.SZ,20220304,5.05,5.06,4.89,4.9,5.04,-0.14,-2.7778,133533.15,66202.014
002121.SZ,20220303,5.18,5.19,5.0,5.04,5.1,-0.06,-1.1765,163577.5,83082.269
002121.SZ,20220302,5.04,5.15,5.0,5.1,5.03,0.07,1.3917,101267.0,51392.088
002121.SZ,20220301,4.95,5.05,4.93,5.03,4.95,0.08,1.6162,75183.35,37724.637
002121.SZ,20220228,4.94,4.96,4.9,4.95,4.96,-0.01,-0.2016,66087.5,32562.903
002121.SZ,20220225,4.97,5.05,4.93,4.96,4.95,0.01,0.202,102836.25,51152.518
002121.SZ,20220224,5.08,5.13,4.9,4.95,5.1,-0.15,-2.9412,201368.01,100909.996
002121.SZ,20220223,5.06,5.14,5.02,5.1,5.11,-0.01,-0.1957,197163.75,100330.746
002121.SZ,20220222,5.17,5.43,5.09,5.11,5.24,-0.13,-2.4809,351311.53,183732.985
002121.SZ,20220221,4.96,5.38,4.94,5.24,4.91,0.33,6.721,293133.88,151355.942
002121.SZ,20220218,4.92,4.93,4.85,4.91,4.94,-0.03,-0.6073,70036.02,34195.823
002121.SZ,20220217,4.85,4.99,4.84,4.94,4.86,0.08,1.6461,83522.09,41208.13
002121.SZ,20220216,4.89,4.95,4.86,4.86,4.9,-0.04,-0.8163,71946.02,35150.744
002121.SZ,20220215,4.89,4.93,4.88,4.9,4.89,0.01,0.2045,47343.5,23195.253
002121.SZ,20220214,4.91,4.95,4.87,4.89,4.92,-0.03,-0.6098,41240.27,20239.239
002121.SZ,20220211,5.03,5.04,4.91,4.92,5.03,-0.11,-2.1869,74328.04,36837.601
002121.SZ,20220210,5.05,5.08,5.01,5.03,5.08,-0.05,-0.9843,61996.11,31233.703
002121.SZ,20220209,5.11,5.14,5.04,5.08,5.06,0.02,0.3953,67321.09,34119.298
002121.SZ,20220208,4.96,5.13,4.92,5.06,4.97,0.09,1.8109,76867.8,38712.393
002121.SZ,20220207,4.97,5.04,4.83,4.97,4.97,0.0,0.0,56776.5,28021.702
002121.SZ,20220128,4.99,5.0,4.82,4.97,4.96,0.01,0.2016,52524.0,25891.535
002121.SZ,20220127,5.02,5.06,4.95,4.96,4.98,-0.02,-0.4016,51307.37,25575.246
002121.SZ,20220126,4.99,5.02,4.95,4.98,4.95,0.03,0.6061,52764.0,26271.416
002121.SZ,20220125,5.02,5.09,4.94,4.95,5.09,-0.14,-2.7505,80111.5,40052.734
002121.SZ,20220124,5.12,5.14,5.07,5.09,5.07,0.02,0.3945,51883.5,26464.458
002121.SZ,20220121,5.04,5.16,5.0,5.07,5.04,0.03,0.5952,81162.5,41374.302
002121.SZ,20220120,5.17,5.18,5.03,5.04,5.15,-0.11,-2.1359,82983.02,42123.585
002121.SZ,20220119,5.2,5.26,5.1,5.15,5.23,-0.08,-1.5296,96635.5,49894.194
002121.SZ,20220118,5.28,5.32,5.23,5.23,5.27,-0.04,-0.759,86009.0,45332.101
002121.SZ,20220117,5.21,5.3,5.21,5.27,5.24,0.03,0.5725,71247.0,37469.801
002121.SZ,20220114,5.26,5.29,5.21,5.24,5.26,-0.02,-0.3802,65203.4,34242.953
002121.SZ,20220113,5.29,5.31,5.25,5.26,5.32,-0.06,-1.1278,61245.7,32285.935
002121.SZ,20220112,5.21,5.32,5.21,5.32,5.23,0.09,1.7208,73223.6,38702.91
002121.SZ,20220111,5.3,5.31,5.23,5.23,5.3,-0.07,-1.3208,77986.78,40969.669
002121.SZ,20220110,5.3,5.33,5.2,5.3,5.29,0.01,0.189,88378.22,46621.627
002121.SZ,20220107,5.47,5.47,5.26,5.29,5.46,-0.17,-3.1136,199497.85,106800.628
002121.SZ,20220106,5.45,5.5,5.41,5.46,5.46,0.0,0.0,129363.75,70592.441
002121.SZ,20220105,5.52,5.59,5.43,5.46,5.58,-0.12,-2.1505,266378.25,146369.284
002121.SZ,20220104,5.67,5.7,5.51,5.58,5.85,-0.27,-4.6154,476654.36,266594.691
002121.SZ,20211231,5.7,6.25,5.68,5.85,5.68,0.17,2.993,905586.7,536817.259
002121.SZ,20211230,5.68,5.68,5.68,5.68,5.16,0.52,10.0775,159248.09,90452.915
002121.SZ,20211229,5.15,5.24,5.1,5.16,5.15,0.01,0.1942,78786.4,40548.941
002121.SZ,20211228,4.98,5.17,4.95,5.15,4.98,0.17,3.4137,129954.25,66046.968
002121.SZ,20211227,5.04,5.09,4.92,4.98,5.04,-0.06,-1.1905,140799.1,70411.057
002121.SZ,20211224,5.28,5.3,5.03,5.04,5.26,-0.22,-4.1825,212991.0,109126.047
002121.SZ,20211223,5.35,5.36,5.26,5.26,5.32,-0.06,-1.1278,111658.53,59269.451
002121.SZ,20211222,5.29,5.37,5.26,5.32,5.29,0.03,0.5671,91285.0,48646.146
002121.SZ,20211221,5.25,5.3,5.21,5.29,5.29,0.0,0.0,120222.71,63052.377
002121.SZ,20211220,5.47,5.49,5.25,5.29,5.46,-0.17,-3.1136,184443.75,98058.417
002121.SZ,20211217,5.48,5.52,5.42,5.46,5.46,0.0,0.0,137243.84,75299.047
002121.SZ,20211216,5.51,5.53,5.42,5.46,5.56,-0.1,-1.7986,148579.23,81138.006
002121.SZ,20211215,5.51,5.65,5.38,5.56,5.51,0.05,0.9074,367362.5,202516.188
002121.SZ,20211214,5.5,5.59,5.49,5.51,5.5,0.01,0.1818,204852.64,113430.968
002121.SZ,20211213,5.54,5.54,5.49,5.5,5.54,-0.04,-0.722,147831.5,81412.403
002121.SZ,20211210,5.5,5.61,5.5,5.54,5.54,0.0,0.0,131390.73,72826.474
002121.SZ,20211209,5.61,5.65,5.53,5.54,5.62,-0.08,-1.4235,159688.9,88808.189
002121.SZ,20211208,5.74,5.82,5.59,5.62,5.63,-0.01,-0.1776,127947.0,72436.921
002121.SZ,20211207,5.69,5.72,5.56,5.63,5.7,-0.07,-1.2281,128895.5,72548.284
002121.SZ,20211206,5.81,5.9,5.69,5.7,5.88,-0.18,-3.0612,180932.5,104478.621
002121.SZ,20211203,5.94,5.96,5.72,5.88,5.93,-0.05,-0.8432,151542.5,88660.254
002121.SZ,20211202,6.03,6.1,5.92,5.93,6.04,-0.11,-1.8212,146355.5,87345.759
002121.SZ,20211201,6.06,6.1,5.98,6.04,6.08,-0.04,-0.6579,129821.87,78111.562
002121.SZ,20211130,6.19,6.25,6.03,6.08,6.15,-0.07,-1.1382,168710.96,103095.738
002121.SZ,20211129,5.93,6.27,5.91,6.15,6.07,0.08,1.318,203886.26,124921.589
002121.SZ,20211126,6.21,6.24,6.03,6.07,6.28,-0.21,-3.3439,223044.76,136117.098
002121.SZ,20211125,6.27,6.4,6.18,6.28,6.2,0.08,1.2903,294710.95,185810.985
002121.SZ,20211124,6.21,6.3,6.13,6.2,6.21,-0.01,-0.161,205209.5,126810.142
002121.SZ,20211123,6.3,6.34,6.16,6.21,6.26,-0.05,-0.7987,280214.7,174563.03
002121.SZ,20211122,6.29,6.36,6.18,6.26,6.27,-0.01,-0.1595,296828.78,186190.847
002121.SZ,20211119,6.56,6.65,6.25,6.27,6.6,-0.33,-5.0,600629.88,382271.169
002121.SZ,20211118,6.0,6.6,5.96,6.6,6.0,0.6,10.0,462427.23,293885.589
002121.SZ,20211117,5.72,6.06,5.67,6.0,5.76,0.24,4.1667,275332.22,162072.912
002121.SZ,20211116,5.85,5.91,5.75,5.76,5.88,-0.12,-2.0408,107142.53,62257.708
002121.SZ,20211115,5.89,6.05,5.83,5.88,5.92,-0.04,-0.6757,125221.52,73851.021
002121.SZ,20211112,5.94,6.02,5.88,5.92,5.95,-0.03,-0.5042,152683.0,90688.37
002121.SZ,20211111,5.79,6.06,5.79,5.95,5.85,0.1,1.7094,194109.5,116084.172
002121.SZ,20211110,5.87,5.94,5.8,5.85,5.89,-0.04,-0.6791,134476.0,78761.828
002121.SZ,20211109,5.72,5.95,5.71,5.89,5.69,0.2,3.5149,227849.81,133992.284
002121.SZ,20211108,5.67,5.75,5.5,5.69,5.64,0.05,0.8865,93876.72,53244.718
002121.SZ,20211105,5.71,5.79,5.63,5.64,5.78,-0.14,-2.4221,116862.03,66411.797
002121.SZ,20211104,5.7,5.85,5.67,5.78,5.78,0.0,0.0,133555.53,77158.117
002121.SZ,20211103,5.75,5.88,5.57,5.78,5.76,0.02,0.3472,179245.0,102245.595
002121.SZ,20211102,5.95,6.01,5.7,5.76,5.96,-0.2,-3.3557,252780.0,147838.748
002121.SZ,20211101,5.52,6.15,5.52,5.96,5.7,0.26,4.5614,310884.5,180134.728
002121.SZ,20211029,5.83,5.83,5.45,5.7,5.84,-0.14,-2.3973,280377.2,157083.971
002121.SZ,20211028,5.41,5.91,5.38,5.84,5.46,0.38,6.9597,365197.04,209090.132
002121.SZ,20211027,5.45,5.67,5.41,5.46,5.59,-0.13,-2.3256,117332.75,64611.908
002121.SZ,20211026,5.63,5.93,5.54,5.59,5.63,-0.04,-0.7105,166178.03,94245.751
002121.SZ,20211025,5.5,5.67,5.4,5.63,5.35,0.28,5.2336,177824.0,99326.412
002121.SZ,20211022,5.56,5.59,5.34,5.35,5.59,-0.24,-4.2934,127010.0,68873.907
002121.SZ,20211021,5.62,5.77,5.5,5.59,5.62,-0.03,-0.5338,130866.5,73821.241
002121.SZ,20211020,5.41,5.68,5.33,5.62,5.5,0.12,2.1818,140089.15,78349.343
002121.SZ,20211019,5.42,5.72,5.42,5.5,5.39,0.11,2.0408,129933.03,72331.505
002121.SZ,20211018,5.33,5.42,5.29,5.39,5.37,0.02,0.3724,64540.38,34654.99
002121.SZ,20211015,5.47,5.59,5.32,5.37,5.65,-0.28,-4.9558,120273.38,64970.159
002121.SZ,20211014,5.34,5.73,5.27,5.65,5.35,0.3,5.6075,157264.65,87510.126
002121.SZ,20211013,5.44,5.46,5.21,5.35,5.47,-0.12,-2.1938,102202.0,54277.971
002121.SZ,20211012,5.58,5.66,5.39,5.47,5.58,-0.11,-1.9713,105440.5,58075.069
002121.SZ,20211011,5.75,5.79,5.55,5.58,5.84,-0.26,-4.4521,121098.15,68273.613
002121.SZ,20211008,5.98,6.08,5.77,5.84,5.89,-0.05,-0.8489,123694.65,72740.967
002121.SZ,20210930,5.56,6.11,5.56,5.89,5.56,0.33,5.9353,157941.5,91772.615
002121.SZ,20210929,5.64,5.75,5.55,5.56,5.63,-0.07,-1.2433,118131.03,66622.101
002121.SZ,20210928,5.66,5.76,5.57,5.63,5.67,-0.04,-0.7055,101684.0,57405.708
002121.SZ,20210927,5.94,6.04,5.5,5.67,5.94,-0.27,-4.5455,257775.88,146927.595
002121.SZ,20210924,6.09,6.09,5.85,5.94,6.12,-0.18,-2.9412,199405.65,117937.882
002121.SZ,20210923,6.23,6.31,6.11,6.12,6.21,-0.09,-1.4493,200161.07,123887.52
002121.SZ,20210922,6.38,6.45,6.12,6.21,6.52,-0.31,-4.7546,296395.23,185367.579
002121.SZ,20210917,6.62,6.73,6.4,6.52,6.42,0.1,1.5576,401595.71,262687.616
002121.SZ,20210916,6.18,6.66,6.13,6.42,6.2,0.22,3.5484,440180.17,281526.882
002121.SZ,20210915,5.92,6.25,5.89,6.2,6.0,0.2,3.3333,269287.0,164841.513
002121.SZ,20210914,6.16,6.18,5.97,6.0,6.12,-0.12,-1.9608,234447.1,141452.237
002121.SZ,20210913,5.82,6.17,5.71,6.12,5.88,0.24,4.0816,353681.36,211699.818
002121.SZ,20210910,5.8,6.03,5.8,5.88,5.9,-0.02,-0.339,213216.95,126157.662
002121.SZ,20210909,6.07,6.07,5.88,5.9,6.02,-0.12,-1.9934,202179.5,120064.63
002121.SZ,20210908,5.86,6.07,5.8,6.02,5.84,0.18,3.0822,254493.0,151374.62
002121.SZ,20210907,5.8,5.9,5.7,5.84,5.8,0.04,0.6897,193103.0,112301.697
002121.SZ,20210906,6.01,6.05,5.71,5.8,5.96,-0.16,-2.6846,214404.37,124702.376
002121.SZ,20210903,6.05,6.3,5.82,5.96,5.92,0.04,0.6757,412726.77,250811.087
002121.SZ,20210902,5.5,6.04,5.5,5.92,5.66,0.26,4.5936,346024.85,202352.723
002121.SZ,20210901,5.8,5.9,5.56,5.66,5.77,-0.11,-1.9064,247395.97,141172.398
002121.SZ,20210831,5.65,5.85,5.5,5.77,5.72,0.05,0.8741,310388.69,175756.967
002121.SZ,20210830,5.56,5.93,5.56,5.72,5.88,-0.16,-2.7211,436228.2,249194.985
002121.SZ,20210827,6.28,6.28,5.83,5.88,6.48,-0.6,-9.2593,678167.69,404636.809
002121.SZ,20210826,6.17,6.74,6.15,6.48,6.2,0.28,4.5161,471978.9,305943.695
002121.SZ,20210825,6.35,6.35,6.16,6.2,6.31,-0.11,-1.7433,238185.37,148063.828
002121.SZ,20210824,6.4,6.43,6.28,6.31,6.46,-0.15,-2.322,307405.61,194765.217
002121.SZ,20210823,6.31,6.51,6.19,6.46,6.31,0.15,2.3772,402532.81,255555.008
002121.SZ,20210820,6.27,6.48,6.13,6.31,6.27,0.04,0.638,326857.75,205911.326
002121.SZ,20210819,6.46,6.52,6.11,6.27,6.4,-0.13,-2.0313,397885.5,250509.948
002121.SZ,20210818,6.51,6.66,6.31,6.4,6.53,-0.13,-1.9908,418740.12,270418.659
002121.SZ,20210817,6.91,7.0,6.44,6.53,6.88,-0.35,-5.0872,508029.16,338587.385
002121.SZ,20210816,7.24,7.29,6.83,6.88,7.24,-0.36,-4.9724,509825.02,356993.267
002121.SZ,20210813,7.4,7.52,7.17,7.24,7.51,-0.27,-3.5952,610975.59,446955.02
002121.SZ,20210812,7.6,8.04,7.42,7.51,7.78,-0.27,-3.4704,935669.13,715546.657
002121.SZ,20210811,7.0,7.94,6.95,7.78,7.24,0.54,7.4586,1262146.51,939894.917
002121.SZ,20210810,6.61,7.43,6.61,7.24,6.75,0.49,7.2593,1324721.59,951602.445
002121.SZ,20210809,6.56,6.9,6.29,6.75,6.6,0.15,2.2727,634665.74,418536.246
002121.SZ,20210806,6.79,6.8,6.41,6.6,6.85,-0.25,-3.6496,595640.82,392828.688
002121.SZ,20210805,6.88,7.25,6.6,6.85,7.03,-0.18,-2.5605,937900.02,643543.468
002121.SZ,20210804,6.66,7.3,6.39,7.03,6.94,0.09,1.2968,1371275.47,949794.961
002121.SZ,20210803,6.43,7.1,6.18,6.94,6.45,0.49,7.5969,1775857.8,1169676.131
002121.SZ,20210802,6.45,6.58,6.03,6.45,5.98,0.47,7.8595,665634.3,433780.046
002121.SZ,20210730,5.45,5.98,5.33,5.98,5.44,0.54,9.9265,868320.94,503342.902
002121.SZ,20210729,5.23,5.59,4.98,5.44,5.09,0.35,6.8762,846321.74,453688.168
002121.SZ,20210728,4.9,5.19,4.7,5.09,5.21,-0.12,-2.3033,697809.58,346003.749
002121.SZ,20210727,6.09,6.15,5.21,5.21,5.72,-0.51,-8.9161,1316517.8,742202.214
002121.SZ,20210726,5.4,5.72,5.35,5.72,5.2,0.52,10.0,1054485.25,598632.882
002121.SZ,20210723,4.74,5.2,4.68,5.2,4.73,0.47,9.9366,417759.93,207652.916
002121.SZ,20210722,4.78,4.8,4.65,4.73,4.68,0.05,1.0684,177111.52,83802.88
002121.SZ,20210721,4.61,4.74,4.52,4.68,4.55,0.13,2.8571,186403.91,86447.556
002121.SZ,20210720,4.48,4.59,4.4,4.55,4.51,0.04,0.8869,129490.81,57770.403
002121.SZ,20210719,4.58,4.64,4.47,4.51,4.6,-0.09,-1.9565,115666.0,52454.819
002121.SZ,20210716,4.44,4.75,4.43,4.6,4.44,0.16,3.6036,231951.46,106649.732
002121.SZ,20210715,4.35,4.55,4.35,4.44,4.73,-0.29,-6.1311,285255.53,126455.082
002121.SZ,20210714,4.79,4.85,4.7,4.73,4.79,-0.06,-1.2526,168063.11,79821.637
002121.SZ,20210713,4.64,4.95,4.62,4.79,4.64,0.15,3.2328,222347.15,106312.355
002121.SZ,20210712,4.63,4.73,4.6,4.64,4.6,0.04,0.8696,165606.57,77206.421
002121.SZ,20210709,4.62,4.73,4.56,4.6,4.61,-0.01,-0.2169,147891.2,68190.347
002121.SZ,20210708,4.6,4.79,4.54,4.61,4.59,0.02,0.4357,204230.74,95285.766
002121.SZ,20210707,4.46,4.62,4.45,4.59,4.5,0.09,2.0,166805.27,75971.196
002121.SZ,20210706,4.51,4.54,4.41,4.5,4.56,-0.06,-1.3158,146773.56,65545.538
002121.SZ,20210705,4.39,4.6,4.33,4.56,4.4,0.16,3.6364,250005.61,112890.653
002121.SZ,20210702,4.21,4.42,4.18,4.4,4.21,0.19,4.5131,190766.02,82595.875
002121.SZ,20210701,4.27,4.27,4.19,4.21,4.27,-0.06,-1.4052,86963.0,36710.055
002121.SZ,20210630,4.2,4.49,4.16,4.27,4.16,0.11,2.6442,132442.05,57348.655
002121.SZ,20210629,4.3,4.31,4.15,4.16,4.3,-0.14,-3.2558,108817.0,45808.987
002121.SZ,20210628,4.24,4.32,4.22,4.3,4.26,0.04,0.939,80117.55,34123.586
002121.SZ,20210625,4.33,4.35,4.25,4.26,4.32,-0.06,-1.3889,89959.0,38487.693
002121.SZ,20210624,4.31,4.4,4.27,4.32,4.33,-0.01,-0.2309,93865.01,40558.18
002121.SZ,20210623,4.45,4.45,4.31,4.33,4.47,-0.14,-3.132,122916.25,53532.491
002121.SZ,20210622,4.39,4.6,4.36,4.47,4.29,0.18,4.1958,165712.5,73827.203
002121.SZ,20210621,4.26,4.36,4.25,4.29,4.31,-0.02,-0.464,88783.4,38224.222
002121.SZ,20210618,4.37,4.37,4.28,4.31,4.37,-0.06,-1.373,107947.27,46537.273
002121.SZ,20210617,4.3,4.38,4.22,4.37,4.3,0.07,1.6279,133576.41,57350.162
002121.SZ,20210616,4.43,4.48,4.29,4.3,4.42,-0.12,-2.7149,136669.5,59396.397
002121.SZ,20210615,4.52,4.6,4.41,4.42,4.43,-0.01,-0.2257,129745.87,57964.149
002121.SZ,20210611,4.62,4.65,4.43,4.43,4.66,-0.23,-4.9356,237266.37,107084.134
002121.SZ,20210610,4.8,4.84,4.66,4.66,4.79,-0.13,-2.714,168371.5,79251.857
002121.SZ,20210609,4.79,4.85,4.61,4.79,4.77,0.02,0.4193,221412.5,104551.136
002121.SZ,20210608,4.9,4.95,4.72,4.77,4.8,-0.03,-0.625,249973.0,120335.124
002121.SZ,20210607,4.71,4.95,4.64,4.8,4.87,-0.07,-1.4374,512278.5,245214.832
002121.SZ,20210604,4.44,4.87,4.44,4.87,4.43,0.44,9.9323,659319.22,316621.817
002121.SZ,20210603,4.47,4.53,4.42,4.43,4.57,-0.14,-3.0635,202594.53,90354.236
002121.SZ,20210602,4.42,4.69,4.42,4.57,4.61,-0.04,-0.8677,350724.0,157836.125
002121.SZ,20210601,4.88,5.06,4.52,4.61,4.6,0.01,0.2174,717200.59,346362.987
002121.SZ,20210531,4.25,4.6,4.22,4.6,4.18,0.42,10.0478,311069.7,136227.138
002121.SZ,20210527,4.03,4.23,4.02,4.18,4.03,0.15,3.7221,221281.52,92740.957
002121.SZ,20210526,3.92,4.05,3.92,4.03,3.95,0.08,2.0253,95314.11,38072.165
002121.SZ,20210525,3.92,3.97,3.89,3.95,3.92,0.03,0.7653,67041.89,26460.624
002121.SZ,20210524,3.9,3.99,3.87,3.92,3.9,0.02,0.5128,107499.79,42186.082
002121.SZ,20210521,3.81,3.93,3.75,3.9,3.8,0.1,2.6316,105711.51,40676.191
002121.SZ,20210520,3.92,4.0,3.8,3.8,3.9,-0.1,-2.5641,123806.0,47783.995
002121.SZ,20210519,4.1,4.1,3.79,3.9,3.91,-0.01,-0.2558,217913.91,86012.455
002121.SZ,20210518,3.91,3.91,3.91,3.91,3.72,0.19,5.1075,9414.0,3680.874
002121.SZ,20210517,3.72,3.72,3.65,3.72,3.54,0.18,5.0847,47990.84,17841.732
002121.SZ,20210507,3.5,3.59,3.46,3.54,3.5,0.04,1.1429,34750.28,12300.912
002121.SZ,20210506,3.55,3.57,3.5,3.5,3.56,-0.06,-1.6854,47451.28,16766.858
002121.SZ,20210430,3.6,3.61,3.56,3.56,3.6,-0.04,-1.1111,38950.89,13920.28
002121.SZ,20210429,3.59,3.64,3.57,3.6,3.61,-0.01,-0.277,47883.63,17287.5
002121.SZ,20210428,3.63,3.71,3.54,3.61,3.6,0.01,0.2778,70157.05,25505.717
002121.SZ,20210427,3.65,3.66,3.56,3.6,3.64,-0.04,-1.0989,58566.87,21106.662
002121.SZ,20210426,3.64,3.7,3.58,3.64,3.65,-0.01,-0.274,69668.41,25288.621
002121.SZ,20210423,3.66,3.7,3.62,3.65,3.68,-0.03,-0.8152,60126.06,22028.415
002121.SZ,20210422,3.7,3.73,3.64,3.68,3.64,0.04,1.0989,44107.0,16230.879
002121.SZ,20210421,3.65,3.67,3.62,3.64,3.67,-0.03,-0.8174,31825.0,11597.126
002121.SZ,20210420,3.56,3.71,3.56,3.67,3.59,0.08,2.2284,56999.37,20786.262
002121.SZ,20210419,3.55,3.61,3.55,3.59,3.58,0.01,0.2793,57758.0,20742.085
002121.SZ,20210416,3.57,3.6,3.44,3.58,3.58,0.0,0.0,79449.24,28145.911
002121.SZ,20210415,3.61,3.66,3.58,3.58,3.77,-0.19,-5.0398,135146.0,48616.481
002121.SZ,20210414,3.71,3.81,3.7,3.77,3.71,0.06,1.6173,49394.61,18550.046
002121.SZ,20210413,3.75,3.77,3.69,3.71,3.74,-0.03,-0.8021,50326.0,18671.659
002121.SZ,20210412,3.82,3.82,3.73,3.74,3.8,-0.06,-1.5789,55718.5,21011.386
002121.SZ,20210409,3.8,3.85,3.76,3.8,3.8,0.0,0.0,39678.57,15084.208
002121.SZ,20210408,3.85,3.87,3.79,3.8,3.88,-0.08,-2.0619,65139.0,24822.572
002121.SZ,20210407,3.85,3.96,3.84,3.88,3.96,-0.08,-2.0202,75183.0,29161.962
002121.SZ,20210406,3.93,3.99,3.92,3.96,3.94,0.02,0.5076,49397.5,19520.494
002121.SZ,20210402,3.84,3.94,3.82,3.94,3.83,0.11,2.8721,47293.0,18357.011
002121.SZ,20210401,3.81,3.87,3.78,3.83,3.81,0.02,0.5249,41494.0,15873.266
002121.SZ,20210331,3.79,3.83,3.78,3.81,3.8,0.01,0.2632,35897.02,13665.701
002121.SZ,20210330,3.9,3.93,3.79,3.8,3.93,-0.13,-3.3079,91427.5,35097.812
002121.SZ,20210329,3.95,4.01,3.92,3.93,3.95,-0.02,-0.5063,54403.0,21498.346
002121.SZ,20210326,3.93,3.96,3.9,3.95,3.93,0.02,0.5089,43904.5,17293.284
002121.SZ,20210325,3.94,4.06,3.9,3.93,3.95,-0.02,-0.5063,65838.5,26152.073
002121.SZ,20210324,4.0,4.02,3.91,3.95,4.02,-0.07,-1.7413,77452.02,30711.009
002121.SZ,20210323,3.97,4.12,3.94,4.02,3.93,0.09,2.2901,148670.24,60209.907
002121.SZ,20210322,3.81,3.94,3.81,3.93,3.86,0.07,1.8135,75182.8,29287.892
002121.SZ,20210319,3.88,3.93,3.81,3.86,3.88,-0.02,-0.5155,71761.52,27758.927
002121.SZ,20210318,3.87,3.92,3.86,3.88,3.91,-0.03,-0.7673,59537.52,23130.453
002121.SZ,20210317,3.89,3.93,3.87,3.91,3.89,0.02,0.5141,56000.12,21863.546
002121.SZ,20210316,3.86,3.9,3.83,3.89,3.85,0.04,1.039,49602.31,19214.3
002121.SZ,20210315,3.77,3.9,3.74,3.85,3.79,0.06,1.5831,63868.8,24518.225
002121.SZ,20210312,3.74,3.81,3.67,3.79,3.74,0.05,1.3369,63733.79,23763.502
002121.SZ,20210311,3.71,3.74,3.68,3.74,3.69,0.05,1.355,45597.0,16940.889
002121.SZ,20210310,3.72,3.76,3.68,3.69,3.7,-0.01,-0.2703,48554.85,17995.251
002121.SZ,20210309,3.86,3.89,3.69,3.7,3.88,-0.18,-4.6392,98837.0,37093.033
002121.SZ,20210308,3.97,4.01,3.84,3.88,3.95,-0.07,-1.7722,74745.47,29436.462
002121.SZ,20210305,3.94,3.96,3.88,3.95,3.92,0.03,0.7653,67214.58,26334.389
002121.SZ,20210304,3.99,3.99,3.91,3.92,3.98,-0.06,-1.5075,72254.99,28440.587
002121.SZ,20210303,3.89,3.99,3.88,3.98,3.9,0.08,2.0513,85261.52,33667.326
002121.SZ,20210302,3.87,4.02,3.85,3.9,3.87,0.03,0.7752,135350.5,53211.18
002121.SZ,20210301,3.84,3.88,3.82,3.87,3.83,0.04,1.0444,62051.52,23887.535
002121.SZ,20210226,3.83,3.9,3.82,3.83,3.9,-0.07,-1.7949,46562.0,17960.822
002121.SZ,20210225,3.92,3.98,3.88,3.9,3.9,0.0,0.0,72721.0,28577.822
002121.SZ,20210224,3.94,3.94,3.83,3.9,3.88,0.02,0.5155,88926.02,34422.416
002121.SZ,20210223,3.92,3.99,3.86,3.88,3.92,-0.04,-1.0204,119046.0,46669.438
002121.SZ,20210222,3.71,3.92,3.7,3.92,3.73,0.19,5.0938,159094.52,61059.319
002121.SZ,20210219,3.69,3.73,3.63,3.73,3.7,0.03,0.8108,94278.56,34656.522
002121.SZ,20210218,3.74,3.76,3.66,3.7,3.68,0.02,0.5435,86812.5,32229.217
002121.SZ,20210210,3.68,3.73,3.57,3.68,3.68,0.0,0.0,76922.5,27937.819
002121.SZ,20210209,3.71,3.8,3.64,3.68,3.7,-0.02,-0.5405,95440.02,35299.349
002121.SZ,20210208,3.62,3.78,3.61,3.7,3.61,0.09,2.4931,79308.5,29357.953
002121.SZ,20210205,3.57,3.69,3.53,3.61,3.55,0.06,1.6901,88588.09,32032.444
002121.SZ,20210204,3.71,3.74,3.52,3.55,3.7,-0.15,-4.0541,131990.85,47474.078
002121.SZ,20210203,3.71,3.92,3.64,3.7,3.83,-0.13,-3.3943,229473.82,86075.473
002121.SZ,20210202,3.9,4.03,3.82,3.83,3.84,-0.01,-0.2604,339319.29,134501.594
002121.SZ,20210201,3.62,3.84,3.62,3.84,3.66,0.18,4.918,180452.7,67754.003
002121.SZ,20210129,3.89,3.9,3.66,3.66,3.85,-0.19,-4.9351,254845.71,94526.496
002121.SZ,20210128,4.15,4.15,3.81,3.85,3.95,-0.1,-2.5316,541268.19,217359.332
002121.SZ,20210127,3.85,3.95,3.8,3.95,3.76,0.19,5.0532,164237.55,64439.531
002121.SZ,20210126,3.59,3.76,3.57,3.76,3.58,0.18,5.0279,219695.49,81280.454
002121.SZ,20210125,3.38,3.6,3.38,3.58,3.43,0.15,4.3732,176792.35,62712.488
002121.SZ,20210122,3.39,3.52,3.36,3.43,3.36,0.07,2.0833,71485.65,24723.259
002121.SZ,20210121,3.39,3.39,3.3,3.36,3.39,-0.03,-0.885,49439.64,16525.281
002121.SZ,20210120,3.29,3.44,3.27,3.39,3.33,0.06,1.8018,70265.0,23820.419
002121.SZ,20210119,3.3,3.43,3.3,3.33,3.28,0.05,1.5244,109526.5,36839.8
002121.SZ,20210118,3.11,3.28,3.09,3.28,3.12,0.16,5.1282,98715.17,32007.803
002121.SZ,20210115,3.12,3.13,3.08,3.12,3.12,0.0,0.0,52551.03,16322.703
002121.SZ,20210114,3.08,3.17,3.01,3.12,3.07,0.05,1.6287,70807.03,21715.512
002121.SZ,20210113,3.11,3.11,3.04,3.07,3.12,-0.05,-1.6026,58781.5,18018.124
002121.SZ,20210112,3.06,3.13,3.04,3.12,3.07,0.05,1.6287,42754.75,13270.786
002121.SZ,20210111,3.14,3.17,3.03,3.07,3.13,-0.06,-1.9169,52514.0,16228.264
002121.SZ,20210108,3.19,3.19,3.03,3.13,3.19,-0.06,-1.8809,102984.33,31662.238
002121.SZ,20210107,3.34,3.35,3.19,3.19,3.36,-0.17,-5.0595,153004.51,49180.396
002121.SZ,20210106,3.36,3.41,3.33,3.36,3.39,-0.03,-0.885,54695.16,18348.16
002121.SZ,20210105,3.45,3.45,3.39,3.39,3.46,-0.07,-2.0231,91169.5,31066.205
002121.SZ,20210104,3.42,3.5,3.42,3.46,3.44,0.02,0.5814,58460.77,20221.591
002121.SZ,20201231,3.43,3.45,3.41,3.44,3.43,0.01,0.2915,42375.36,14561.793
002121.SZ,20201230,3.43,3.47,3.42,3.43,3.45,-0.02,-0.5797,31372.0,10792.329
002121.SZ,20201229,3.45,3.5,3.42,3.45,3.48,-0.03,-0.8621,32701.66,11265.612
002121.SZ,20201228,3.49,3.51,3.42,3.48,3.51,-0.03,-0.8547,46567.02,16129.308
002121.SZ,20201225,3.46,3.58,3.45,3.51,3.48,0.03,0.8621,53038.52,18610.823
002121.SZ,20201224,3.55,3.59,3.46,3.48,3.54,-0.06,-1.6949,57166.55,20216.461
002121.SZ,20201223,3.45,3.57,3.41,3.54,3.44,0.1,2.907,68194.08,23847.625
002121.SZ,20201222,3.46,3.54,3.43,3.44,3.43,0.01,0.2915,53979.0,18794.749
002121.SZ,20201221,3.45,3.46,3.41,3.43,3.43,0.0,0.0,28294.0,9718.109
002121.SZ,20201218,3.46,3.46,3.4,3.43,3.49,-0.06,-1.7192,58778.42,20140.271
002121.SZ,20201217,3.48,3.51,3.42,3.49,3.46,0.03,0.8671,40376.04,13959.818
002121.SZ,20201216,3.53,3.53,3.43,3.46,3.53,-0.07,-1.983,37123.92,12845.53
002121.SZ,20201215,3.5,3.59,3.49,3.53,3.49,0.04,1.1461,37375.16,13233.822
002121.SZ,20201214,3.42,3.5,3.42,3.49,3.46,0.03,0.8671,27045.0,9382.226
002121.SZ,20201211,3.52,3.53,3.39,3.46,3.51,-0.05,-1.4245,65177.15,22489.215
002121.SZ,20201210,3.53,3.56,3.5,3.51,3.56,-0.05,-1.4045,60390.55,21311.395
002121.SZ,20201209,3.6,3.6,3.56,3.56,3.61,-0.05,-1.385,31951.75,11440.68
002121.SZ,20201208,3.57,3.64,3.56,3.61,3.57,0.04,1.1204,35161.03,12670.083
002121.SZ,20201207,3.6,3.61,3.56,3.57,3.6,-0.03,-0.8333,29006.0,10377.629
002121.SZ,20201204,3.56,3.64,3.56,3.6,3.56,0.04,1.1236,37508.0,13520.384
002121.SZ,20201203,3.62,3.62,3.56,3.56,3.62,-0.06,-1.6575,66097.5,23645.827
002121.SZ,20201202,3.61,3.65,3.6,3.62,3.64,-0.02,-0.5495,57903.02,20967.292
002121.SZ,20201201,3.66,3.67,3.63,3.64,3.65,-0.01,-0.274,45498.41,16599.955
002121.SZ,20201130,3.64,3.69,3.63,3.65,3.66,-0.01,-0.2732,42725.5,15631.675
002121.SZ,20201127,3.7,3.74,3.6,3.66,3.73,-0.07,-1.8767,82686.68,30315.643
002121.SZ,20201126,3.72,3.77,3.71,3.73,3.7,0.03,0.8108,59948.5,22414.59
002121.SZ,20201125,3.75,3.79,3.69,3.7,3.75,-0.05,-1.3333,79012.25,29531.39
002121.SZ,20201124,3.69,3.81,3.66,3.75,3.69,0.06,1.626,114605.13,42912.552
002121.SZ,20201123,3.71,3.76,3.66,3.69,3.68,0.01,0.2717,76802.87,28471.522
002121.SZ,20201120,3.64,3.72,3.61,3.68,3.64,0.04,1.0989,56768.5,20815.932
002121.SZ,20201119,3.63,3.67,3.61,3.64,3.64,0.0,0.0,49121.35,17846.73
002121.SZ,20201118,3.66,3.69,3.61,3.64,3.69,-0.05,-1.355,69158.02,25231.948
002121.SZ,20201117,3.71,3.79,3.67,3.69,3.72,-0.03,-0.8065,74799.5,27873.644
002121.SZ,20201116,3.64,3.81,3.62,3.72,3.64,0.08,2.1978,101529.57,37952.179
002121.SZ,20201113,3.6,3.65,3.59,3.64,3.64,0.0,0.0,44575.0,16133.864
002121.SZ,20201112,3.66,3.68,3.58,3.64,3.65,-0.01,-0.274,72862.77,26478.144
002121.SZ,20201111,3.58,3.69,3.52,3.65,3.51,0.14,3.9886,125419.57,45717.631
002121.SZ,20201110,3.53,3.54,3.5,3.51,3.53,-0.02,-0.5666,42358.57,14915.405
002121.SZ,20201109,3.49,3.58,3.49,3.53,3.52,0.01,0.2841,64591.05,22887.102
002121.SZ,20201106,3.55,3.55,3.48,3.52,3.53,-0.01,-0.2833,40682.05,14242.176
002121.SZ,20201105,3.53,3.55,3.5,3.53,3.51,0.02,0.5698,39151.0,13789.48
002121.SZ,20201104,3.55,3.56,3.47,3.51,3.53,-0.02,-0.5666,47818.5,16798.198
002121.SZ,20201103,3.42,3.53,3.36,3.53,3.36,0.17,5.0595,67464.93,23579.091
002121.SZ,20201102,3.46,3.49,3.33,3.36,3.46,-0.1,-2.8902,67666.0,23050.915
002121.SZ,20201030,3.52,3.56,3.46,3.46,3.52,-0.06,-1.7045,41038.89,14328.135
002121.SZ,20201029,3.42,3.55,3.42,3.52,3.49,0.03,0.8596,42789.5,15027.145
002121.SZ,20201028,3.55,3.56,3.42,3.49,3.55,-0.06,-1.6901,81999.34,28527.214
002121.SZ,20201027,3.52,3.59,3.5,3.55,3.61,-0.06,-1.662,63629.2,22568.784
002121.SZ,20201026,3.58,3.62,3.55,3.61,3.58,0.03,0.838,39389.5,14148.472
002121.SZ,20201023,3.59,3.61,3.56,3.58,3.58,0.0,0.0,32938.56,11804.777
002121.SZ,20201022,3.59,3.61,3.56,3.58,3.61,-0.03,-0.831,36457.78,13051.794
002121.SZ,20201021,3.62,3.63,3.59,3.61,3.62,-0.01,-0.2762,21801.5,7869.471
002121.SZ,20201020,3.59,3.63,3.58,3.62,3.61,0.01,0.277,45015.75,16213.395
002121.SZ,20201019,3.68,3.68,3.59,3.61,3.66,-0.05,-1.3661,57103.0,20716.18
002121.SZ,20201016,3.64,3.68,3.59,3.66,3.64,0.02,0.5495,56640.75,20530.368
002121.SZ,20201015,3.78,3.78,3.64,3.64,3.83,-0.19,-4.9608,254246.89,93399.532
002121.SZ,20201014,3.81,3.84,3.79,3.83,3.8,0.03,0.7895,101774.28,38787.001
002121.SZ,20201013,3.75,3.83,3.75,3.8,3.78,0.02,0.5291,88168.5,33384.106
002121.SZ,20201012,3.74,3.8,3.7,3.78,3.68,0.1,2.7174,121957.52,45740.344
002121.SZ,20201009,3.67,3.68,3.63,3.68,3.58,0.1,2.7933,66936.61,24525.561
002121.SZ,20200930,3.6,3.6,3.56,3.58,3.59,-0.01,-0.2786,35384.36,12657.442
002121.SZ,20200929,3.57,3.63,3.56,3.59,3.56,0.03,0.8427,56977.39,20462.762
002121.SZ,20200928,3.67,3.67,3.51,3.56,3.68,-0.12,-3.2609,79051.0,28500.314
002121.SZ,20200925,3.74,3.76,3.68,3.68,3.74,-0.06,-1.6043,44714.61,16612.562
002121.SZ,20200924,3.68,3.76,3.61,3.74,3.65,0.09,2.4658,127000.77,46839.759
002121.SZ,20200923,3.68,3.68,3.64,3.65,3.64,0.01,0.2747,47168.75,17244.208
002121.SZ,20200922,3.65,3.7,3.61,3.64,3.66,-0.02,-0.5464,42205.77,15432.884
002121.SZ,20200921,3.7,3.7,3.66,3.66,3.7,-0.04,-1.0811,52180.02,19182.57
002121.SZ,20200918,3.71,3.71,3.66,3.7,3.71,-0.01,-0.2695,95249.02,35039.95
002121.SZ,20200917,3.73,3.78,3.66,3.71,3.73,-0.02,-0.5362,73313.67,27157.966
002121.SZ,20200916,3.75,3.75,3.7,3.73,3.75,-0.02,-0.5333,41137.74,15312.285
002121.SZ,20200915,3.71,3.8,3.68,3.75,3.7,0.05,1.3514,67532.0,25408.628
002121.SZ,20200914,3.71,3.71,3.65,3.7,3.65,0.05,1.3699,44276.0,16312.053
002121.SZ,20200911,3.62,3.66,3.59,3.65,3.62,0.03,0.8287,53691.0,19492.112
002121.SZ,20200910,3.73,3.76,3.59,3.62,3.7,-0.08,-2.1622,97142.03,35531.591
002121.SZ,20200909,3.78,3.82,3.67,3.7,3.82,-0.12,-3.1414,121230.08,45493.453
002121.SZ,20200908,3.79,3.88,3.79,3.82,3.8,0.02,0.5263,102245.0,39080.181
002121.SZ,20200907,4.0,4.0,3.75,3.8,3.92,-0.12,-3.0612,166985.63,64565.385
002121.SZ,20200904,3.76,3.94,3.73,3.92,3.82,0.1,2.6178,143954.35,55649.008
002121.SZ,20200903,3.87,3.94,3.8,3.82,3.85,-0.03,-0.7792,129590.53,50183.122
002121.SZ,20200902,3.72,3.86,3.71,3.85,3.72,0.13,3.4946,152237.99,57862.931
002121.SZ,20200901,3.68,3.72,3.68,3.72,3.71,0.01,0.2695,47659.53,17621.951
002121.SZ,20200831,3.72,3.81,3.68,3.71,3.72,-0.01,-0.2688,74711.65,27922.422
002121.SZ,20200828,3.67,3.84,3.64,3.72,3.69,0.03,0.813,124943.24,46601.774
002121.SZ,20200827,3.5,3.69,3.48,3.69,3.51,0.18,5.1282,126406.74,45759.292
002121.SZ,20200826,3.55,3.56,3.48,3.51,3.53,-0.02,-0.5666,49912.53,17553.716
002121.SZ,20200825,3.55,3.57,3.53,3.53,3.55,-0.02,-0.5634,51410.83,18206.408
002121.SZ,20200824,3.58,3.59,3.52,3.55,3.58,-0.03,-0.838,48404.93,17196.479
002121.SZ,20200821,3.64,3.67,3.55,3.58,3.63,-0.05,-1.3774,47729.68,17146.095
002121.SZ,20200820,3.65,3.67,3.61,3.63,3.65,-0.02,-0.5479,37019.0,13456.955
002121.SZ,20200819,3.71,3.73,3.65,3.65,3.7,-0.05,-1.3514,55608.25,20555.724
002121.SZ,20200818,3.68,3.79,3.66,3.7,3.76,-0.06,-1.5957,84736.83,31469.405
002121.SZ,20200817,3.63,3.78,3.6,3.76,3.61,0.15,4.1551,106597.82,39369.754
002121.SZ,20200814,3.61,3.63,3.56,3.61,3.61,0.0,0.0,41083.67,14775.692
002121.SZ,20200813,3.53,3.63,3.49,3.61,3.49,0.12,3.4384,67731.78,24325.247
002121.SZ,20200812,3.53,3.55,3.41,3.49,3.53,-0.04,-1.1331,53592.93,18592.784
002121.SZ,20200811,3.57,3.6,3.52,3.53,3.58,-0.05,-1.3966,42263.0,15093.809
002121.SZ,20200810,3.6,3.63,3.56,3.58,3.6,-0.02,-0.5556,54996.53,19735.449
002121.SZ,20200807,3.67,3.67,3.57,3.6,3.66,-0.06,-1.6393,54499.77,19667.895
002121.SZ,20200806,3.62,3.66,3.57,3.66,3.63,0.03,0.8264,85096.63,30711.522
002121.SZ,20200805,3.59,3.64,3.54,3.63,3.58,0.05,1.3966,77040.41,27715.443
002121.SZ,20200804,3.64,3.64,3.56,3.58,3.62,-0.04,-1.105,59008.0,21167.16
002121.SZ,20200803,3.59,3.62,3.56,3.62,3.59,0.03,0.8357,72153.52,25965.875
002121.SZ,20200731,3.56,3.62,3.53,3.59,3.58,0.01,0.2793,46404.5,16623.782
002121.SZ,20200730,3.58,3.63,3.53,3.58,3.58,0.0,0.0,53946.13,19329.929
002121.SZ,20200729,3.43,3.62,3.42,3.58,3.45,0.13,3.7681,99765.15,35569.613
002121.SZ,20200728,3.49,3.5,3.41,3.45,3.45,0.0,0.0,40600.66,13961.007
002121.SZ,20200727,3.44,3.48,3.37,3.45,3.44,0.01,0.2907,59111.35,20194.776
002121.SZ,20200724,3.56,3.56,3.4,3.44,3.56,-0.12,-3.3708,92672.75,32052.387
002121.SZ,20200723,3.62,3.62,3.44,3.56,3.62,-0.06,-1.6575,114404.49,40339.427
002121.SZ,20200722,3.62,3.64,3.58,3.62,3.62,0.0,0.0,77634.42,27972.971
002121.SZ,20200721,3.7,3.71,3.6,3.62,3.7,-0.08,-2.1622,79645.05,28967.734
002121.SZ,20200720,3.66,3.72,3.64,3.7,3.64,0.06,1.6484,97318.83,35795.902
002121.SZ,20200717,3.68,3.7,3.57,3.64,3.68,-0.04,-1.087,102746.27,37395.783
002121.SZ,20200716,3.86,3.86,3.68,3.68,3.87,-0.19,-4.9096,150032.0,56247.347
002121.SZ,20200715,3.95,3.95,3.87,3.87,3.91,-0.04,-1.023,158117.2,61812.923
002121.SZ,20200714,3.85,3.99,3.8,3.91,3.89,0.02,0.5141,156800.96,61093.854
002121.SZ,20200713,3.89,3.96,3.77,3.89,3.83,0.06,1.5666,157145.28,60750.964
002121.SZ,20200710,3.69,3.85,3.69,3.83,3.68,0.15,4.0761,203785.26,77365.281
002121.SZ,20200709,3.5,3.68,3.5,3.68,3.5,0.18,5.1429,223328.45,81493.456
002121.SZ,20200708,3.48,3.52,3.44,3.5,3.49,0.01,0.2865,93294.44,32527.104
002121.SZ,20200707,3.52,3.52,3.46,3.49,3.52,-0.03,-0.8523,149005.32,51967.316
002121.SZ,20200706,3.43,3.56,3.41,3.52,3.5,0.02,0.5714,181632.71,63430.172
002121.SZ,20200703,3.47,3.55,3.46,3.5,3.45,0.05,1.4493,71439.32,24924.944
002121.SZ,20200702,3.47,3.59,3.42,3.45,3.45,0.0,0.0,118327.73,41295.523
002121.SZ,20200701,3.46,3.5,3.4,3.45,3.5,-0.05,-1.4286,123742.61,42702.799
002121.SZ,20200630,3.34,3.52,3.31,3.5,3.35,0.15,4.4776,116041.27,39895.705
002121.SZ,20200629,3.38,3.39,3.32,3.35,3.35,0.0,0.0,103073.63,34562.576
002121.SZ,20200624,3.19,3.35,3.18,3.35,3.19,0.16,5.0157,148012.33,48928.074
002121.SZ,20200623,3.18,3.2,3.16,3.19,3.17,0.02,0.6309,48302.55,15406.366
002121.SZ,20200622,3.21,3.22,3.16,3.17,3.19,-0.02,-0.627,45969.3,14621.339
002121.SZ,20200619,3.21,3.21,3.16,3.19,3.2,-0.01,-0.3125,44960.31,14296.953
002121.SZ,20200618,3.18,3.22,3.16,3.2,3.17,0.03,0.9464,47085.5,15068.586
002121.SZ,20200617,3.2,3.21,3.16,3.17,3.19,-0.02,-0.627,43038.78,13664.631
002121.SZ,20200616,3.18,3.21,3.17,3.19,3.16,0.03,0.9494,38078.0,12131.434
002121.SZ,20200615,3.21,3.23,3.16,3.16,3.22,-0.06,-1.8634,46195.0,14741.531
002121.SZ,20200612,3.16,3.23,3.16,3.22,3.22,0.0,0.0,45375.19,14516.605
002121.SZ,20200611,3.2,3.26,3.18,3.22,3.19,0.03,0.9404,64931.61,20865.687
002121.SZ,20200610,3.32,3.35,3.16,3.19,3.33,-0.14,-4.2042,88055.46,28491.671
002121.SZ,20200609,3.3,3.39,3.3,3.33,3.31,0.02,0.6042,49353.0,16474.187
002121.SZ,20200608,3.4,3.44,3.31,3.31,3.31,0.0,0.0,69451.5,23227.968
002121.SZ,20200605,3.3,3.42,3.25,3.31,3.29,0.02,0.6079,115596.69,38495.345
002121.SZ,20200604,3.16,3.3,3.11,3.29,3.14,0.15,4.7771,136906.6,44221.685
002121.SZ,20200603,3.03,3.18,3.03,3.14,3.03,0.11,3.6304,123936.7,38713.791
002121.SZ,20200602,3.06,3.06,3.02,3.03,3.05,-0.02,-0.6557,79894.85,24240.309
002121.SZ,20200601,3.04,3.08,3.03,3.05,2.99,0.06,2.0067,59721.03,18227.4
002121.SZ,20200529,2.96,3.01,2.96,2.99,2.98,0.01,0.3356,41001.0,12282.537
002121.SZ,20200528,3.01,3.03,2.94,2.98,3.02,-0.04,-1.3245,41790.03,12465.728
002121.SZ,20200527,3.02,3.04,2.99,3.02,3.0,0.02,0.6667,44543.79,13434.732
002121.SZ,20200526,2.97,3.0,2.95,3.0,2.95,0.05,1.6949,48813.16,14587.849
002121.SZ,20200525,2.95,2.97,2.93,2.95,2.95,0.0,0.0,40728.0,12011.1
002121.SZ,20200522,2.89,3.02,2.89,2.95,2.91,0.04,1.3746,66581.28,19767.831
002121.SZ,20200521,2.96,2.97,2.89,2.91,2.95,-0.04,-1.3559,59027.05,17190.823
002121.SZ,20200520,2.92,2.98,2.91,2.95,2.93,0.02,0.6826,48821.53,14392.58
002121.SZ,20200519,3.0,3.02,2.93,2.93,3.0,-0.07,-2.3333,77639.02,22995.329
002121.SZ,20200518,3.1,3.11,2.99,3.0,3.08,-0.08,-2.5974,87484.5,26415.654
002121.SZ,20200515,3.09,3.1,3.06,3.08,3.05,0.03,0.9836,46320.63,14232.122
002121.SZ,20200514,3.0,3.11,3.0,3.05,3.02,0.03,0.9934,62781.06,19255.934
002121.SZ,20200513,3.03,3.04,2.98,3.02,3.05,-0.03,-0.9836,71115.92,21414.575
002121.SZ,20200512,3.04,3.08,3.02,3.05,3.04,0.01,0.3289,60740.0,18486.694
002121.SZ,20200511,3.1,3.13,3.03,3.04,3.1,-0.06,-1.9355,92079.25,28297.614
002121.SZ,20200508,3.07,3.16,3.04,3.1,3.14,-0.04,-1.2739,128603.63,39925.899
002121.SZ,20200507,2.87,3.17,2.87,3.14,3.02,0.12,3.9735,360778.72,109923.177
002121.SZ,20200506,3.02,3.02,3.02,3.02,3.18,-0.16,-5.0314,43882.0,13252.364
002121.SZ,20200430,3.18,3.18,3.18,3.18,3.35,-0.17,-5.0746,47687.0,15164.466
002121.SZ,20200428,3.41,3.47,3.3,3.35,3.41,-0.06,-1.7595,110143.42,37045.027
002121.SZ,20200427,3.48,3.48,3.32,3.41,3.49,-0.08,-2.2923,86613.24,29709.456
002121.SZ,20200424,3.62,3.62,3.48,3.49,3.59,-0.1,-2.7855,103787.5,36591.931
002121.SZ,20200423,3.7,3.71,3.58,3.59,3.71,-0.12,-3.2345,160370.77,58215.365
002121.SZ,20200422,3.61,3.8,3.55,3.71,3.66,0.05,1.3661,134524.95,49847.621
002121.SZ,20200421,3.66,3.68,3.62,3.66,3.7,-0.04,-1.0811,113547.18,41368.538
002121.SZ,20200420,3.7,3.73,3.59,3.7,3.67,0.03,0.8174,174754.5,64029.471
002121.SZ,20200417,3.81,3.88,3.66,3.67,3.81,-0.14,-3.6745,391429.17,147190.491
002121.SZ,20200416,3.45,3.81,3.41,3.81,3.46,0.35,10.1156,374494.86,140887.907
002121.SZ,20200415,3.38,3.5,3.37,3.46,3.38,0.08,2.3669,137926.17,47608.786
002121.SZ,20200414,3.33,3.39,3.33,3.38,3.33,0.05,1.5015,70225.58,23540.396
002121.SZ,20200413,3.41,3.41,3.32,3.33,3.39,-0.06,-1.7699,62083.56,20694.55
002121.SZ,20200410,3.5,3.5,3.32,3.39,3.45,-0.06,-1.7391,117895.52,40256.828
002121.SZ,20200409,3.46,3.47,3.41,3.45,3.43,0.02,0.5831,85224.9,29395.729
002121.SZ,20200408,3.48,3.5,3.39,3.43,3.53,-0.1,-2.8329,145753.1,50008.726
002121.SZ,20200407,3.58,3.6,3.52,3.53,3.52,0.01,0.2841,116396.16,41286.121
002121.SZ,20200403,3.54,3.54,3.45,3.52,3.53,-0.01,-0.2833,66624.5,23286.141
002121.SZ,20200402,3.51,3.55,3.38,3.53,3.5,0.03,0.8571,97877.51,33999.596
002121.SZ,20200401,3.47,3.61,3.37,3.5,3.47,0.03,0.8646,140350.4,48357.335
002121.SZ,20200331,3.62,3.66,3.44,3.47,3.59,-0.12,-3.3426,151584.89,53383.559
002121.SZ,20200330,3.78,3.78,3.58,3.59,3.89,-0.3,-7.7121,204956.13,75359.666
002121.SZ,20200327,4.08,4.11,3.87,3.89,4.07,-0.18,-4.4226,160367.0,63493.091
002121.SZ,20200326,4.08,4.14,4.04,4.07,4.13,-0.06,-1.4528,103625.0,42248.445
002121.SZ,20200325,4.21,4.22,4.07,4.13,4.11,0.02,0.4866,174634.42,72393.307
002121.SZ,20200324,4.03,4.14,3.92,4.11,3.94,0.17,4.3147,196609.67,79483.851
002121.SZ,20200323,3.96,4.15,3.92,3.94,4.02,-0.08,-1.99,187120.38,75439.348
002121.SZ,20200320,3.86,4.03,3.82,4.02,3.82,0.2,5.2356,162033.44,63813.219
002121.SZ,20200319,3.8,3.85,3.73,3.82,3.81,0.01,0.2625,88410.42,33507.17
002121.SZ,20200318,3.92,3.97,3.8,3.81,3.85,-0.04,-1.039,104594.24,40832.773
002121.SZ,20200317,3.93,4.05,3.72,3.85,3.93,-0.08,-2.0356,139456.52,53884.593
002121.SZ,20200316,4.15,4.17,3.9,3.93,4.08,-0.15,-3.6765,146851.75,59330.013
002121.SZ,20200313,3.9,4.16,3.83,4.08,4.09,-0.01,-0.2445,184697.5,73833.667
002121.SZ,20200312,4.15,4.28,4.05,4.09,4.29,-0.2,-4.662,271734.54,112261.851
002121.SZ,20200311,4.32,4.62,4.26,4.29,4.27,0.02,0.4684,292524.92,128868.541
002121.SZ,20200310,4.15,4.3,4.02,4.27,4.22,0.05,1.1848,259559.74,108514.456
002121.SZ,20200309,4.19,4.38,4.16,4.22,4.23,-0.01,-0.2364,223917.44,95202.321
002121.SZ,20200306,4.25,4.38,4.18,4.23,4.34,-0.11,-2.5346,258847.49,110981.604
002121.SZ,20200305,4.04,4.35,4.01,4.34,3.95,0.39,9.8734,356277.93,149419.553
002121.SZ,20200304,3.9,4.0,3.9,3.95,3.95,0.0,0.0,79502.06,31317.648
002121.SZ,20200303,4.0,4.08,3.93,3.95,3.94,0.01,0.2538,125260.5,50177.337
002121.SZ,20200302,3.81,3.98,3.81,3.94,3.81,0.13,3.4121,115567.21,45273.937
002121.SZ,20200228,3.96,3.97,3.8,3.81,4.06,-0.25,-6.1576,152646.0,59420.683
002121.SZ,20200227,4.07,4.14,4.03,4.06,4.05,0.01,0.2469,91350.71,37189.801
002121.SZ,20200226,4.03,4.2,3.99,4.05,4.08,-0.03,-0.7353,159805.5,65583.557
002121.SZ,20200225,4.04,4.14,3.97,4.08,4.18,-0.1,-2.3923,218247.91,88534.681
002121.SZ,20200224,4.19,4.23,4.1,4.18,4.16,0.02,0.4808,162122.96,67632.561
002121.SZ,20200221,4.17,4.23,4.14,4.16,4.24,-0.08,-1.8868,194376.86,81030.853
002121.SZ,20200220,4.16,4.26,4.07,4.24,4.34,-0.1,-2.3041,331676.23,138326.406
002121.SZ,20200219,4.11,4.52,4.11,4.34,4.11,0.23,5.5961,457652.39,201452.577
002121.SZ,20200218,4.2,4.25,4.01,4.11,4.25,-0.14,-3.2941,354256.7,145074.429
002121.SZ,20200217,4.3,4.39,4.18,4.25,4.3,-0.05,-1.1628,307524.75,131233.216
002121.SZ,20200214,3.98,4.33,3.86,4.3,3.98,0.32,8.0402,435862.87,181702.825
002121.SZ,20200213,3.66,4.1,3.63,3.98,3.73,0.25,6.7024,370912.33,145792.616
002121.SZ,20200212,3.5,3.82,3.49,3.73,3.5,0.23,6.5714,253189.43,93466.529
002121.SZ,20200211,3.5,3.53,3.44,3.5,3.5,0.0,0.0,101545.53,35384.371
002121.SZ,20200210,3.41,3.5,3.38,3.5,3.4,0.1,2.9412,129147.31,44435.789
002121.SZ,20200207,3.43,3.43,3.35,3.4,3.44,-0.04,-1.1628,111614.37,37775.215
002121.SZ,20200206,3.44,3.46,3.36,3.44,3.43,0.01,0.2915,141173.38,48056.38
002121.SZ,20200205,3.46,3.56,3.36,3.43,3.46,-0.03,-0.8671,169866.25,58782.735
002121.SZ,20200204,3.14,3.49,3.14,3.46,3.49,-0.03,-0.8596,241336.82,79407.686
002121.SZ,20200203,3.52,3.62,3.49,3.49,3.88,-0.39,-10.0515,136721.78,47879.798
002121.SZ,20200123,3.9,4.05,3.83,3.88,3.9,-0.02,-0.5128,143999.47,56556.113
002121.SZ,20200122,3.68,3.94,3.68,3.9,4.09,-0.19,-4.6455,253080.99,96108.044
002121.SZ,20200121,4.23,4.24,4.08,4.09,4.25,-0.16,-3.7647,127028.0,52721.51
002121.SZ,20200120,4.25,4.28,4.21,4.25,4.29,-0.04,-0.9324,85656.41,36253.589
002121.SZ,20200117,4.33,4.35,4.29,4.29,4.32,-0.03,-0.6944,47095.03,20325.349
002121.SZ,20200116,4.38,4.41,4.31,4.32,4.38,-0.06,-1.3699,51399.03,22415.201
002121.SZ,20200115,4.44,4.48,4.36,4.38,4.44,-0.06,-1.3514,82955.72,36460.461
002121.SZ,20200114,4.56,4.58,4.43,4.44,4.53,-0.09,-1.9868,93248.53,41863.687
002121.SZ,20200113,4.45,4.54,4.43,4.53,4.45,0.08,1.7978,114083.86,51330.128
002121.SZ,20200110,4.54,4.56,4.41,4.45,4.53,-0.08,-1.766,103452.52,46047.136
002121.SZ,20200109,4.58,4.59,4.49,4.53,4.54,-0.01,-0.2203,140150.6,63493.65
002121.SZ,20200108,4.5,4.66,4.44,4.54,4.49,0.05,1.1136,237511.83,108229.796
002121.SZ,20200107,4.44,4.51,4.41,4.49,4.44,0.05,1.1261,115303.05,51559.786
002121.SZ,20200106,4.34,4.58,4.27,4.44,4.36,0.08,1.8349,182148.34,80821.108
002121.SZ,20200103,4.37,4.39,4.33,4.36,4.36,0.0,0.0,68453.6,29806.495
002121.SZ,20200102,4.34,4.39,4.31,4.36,4.28,0.08,1.8692,85319.8,37055.786
002121.SZ,20191231,4.26,4.33,4.23,4.28,4.27,0.01,0.2342,61535.3,26297.731
002121.SZ,20191230,4.36,4.37,4.14,4.27,4.38,-0.11,-2.5114,86929.95,36880.537
002121.SZ,20191227,4.43,4.44,4.37,4.38,4.41,-0.03,-0.6803,62557.75,27519.33
002121.SZ,20191226,4.39,4.43,4.34,4.41,4.4,0.01,0.2273,74365.81,32530.001
002121.SZ,20191225,4.42,4.44,4.36,4.4,4.44,-0.04,-0.9009,67462.78,29692.332
002121.SZ,20191224,4.43,4.49,4.32,4.44,4.43,0.01,0.2257,105718.78,46459.462
002121.SZ,20191223,4.49,4.64,4.4,4.43,4.46,-0.03,-0.6726,177517.82,80615.058
002121.SZ,20191220,4.53,4.59,4.44,4.46,4.65,-0.19,-4.086,239373.6,107848.522
002121.SZ,20191219,4.35,4.75,4.31,4.65,4.32,0.33,7.6389,411719.66,189660.083
002121.SZ,20191218,4.3,4.42,4.29,4.32,4.3,0.02,0.4651,126246.97,54975.33
002121.SZ,20191217,4.22,4.32,4.2,4.3,4.22,0.08,1.8957,124287.08,53279.128
002121.SZ,20191216,4.16,4.23,4.15,4.22,4.18,0.04,0.9569,78213.91,32809.448
002121.SZ,20191213,4.18,4.2,4.14,4.18,4.17,0.01,0.2398,69457.72,28937.903
002121.SZ,20191212,4.21,4.23,4.14,4.17,4.23,-0.06,-1.4184,66423.66,27691.355
002121.SZ,20191211,4.17,4.32,4.12,4.23,4.17,0.06,1.4388,123142.65,52041.045
002121.SZ,20191210,4.18,4.22,4.14,4.17,4.18,-0.01,-0.2392,80727.47,33749.335
002121.SZ,20191209,4.15,4.2,4.1,4.18,4.15,0.03,0.7229,65472.03,27214.709
002121.SZ,20191206,4.16,4.18,4.11,4.15,4.16,-0.01,-0.2404,54256.0,22440.402
002121.SZ,20191205,4.14,4.18,4.14,4.16,4.17,-0.01,-0.2398,45595.78,18972.329
002121.SZ,20191204,4.07,4.28,4.06,4.17,4.1,0.07,1.7073,77092.38,32205.693
002121.SZ,20191203,4.04,4.12,4.0,4.1,4.06,0.04,0.9852,42568.75,17255.383
002121.SZ,20191202,4.07,4.11,4.01,4.06,4.07,-0.01,-0.2457,25580.75,10406.236
002121.SZ,20191129,4.05,4.09,4.0,4.07,4.07,0.0,0.0,36286.0,14713.666
002121.SZ,20191128,4.08,4.14,4.06,4.07,4.11,-0.04,-0.9732,30712.62,12572.33
002121.SZ,20191127,4.11,4.14,4.06,4.11,4.14,-0.03,-0.7246,34565.39,14171.597
002121.SZ,20191126,4.16,4.17,4.09,4.14,4.12,0.02,0.4854,38046.92,15680.738
002121.SZ,20191125,4.15,4.16,4.08,4.12,4.14,-0.02,-0.4831,34516.43,14207.652
002121.SZ,20191122,4.17,4.25,4.13,4.14,4.2,-0.06,-1.4286,49585.74,20743.259
002121.SZ,20191121,4.12,4.26,4.1,4.2,4.13,0.07,1.6949,59883.87,25167.836
002121.SZ,20191120,4.18,4.19,4.13,4.13,4.17,-0.04,-0.9592,38835.0,16125.076
002121.SZ,20191119,4.09,4.18,4.09,4.17,4.08,0.09,2.2059,58505.43,24339.505
002121.SZ,20191118,4.05,4.1,4.03,4.08,4.05,0.03,0.7407,29881.5,12170.125
002121.SZ,20191115,4.1,4.11,4.05,4.05,4.11,-0.06,-1.4599,31638.0,12896.154
002121.SZ,20191114,4.15,4.15,4.07,4.11,4.15,-0.04,-0.9639,43311.89,17786.592
002121.SZ,20191113,4.14,4.17,4.08,4.15,4.11,0.04,0.9732,38509.74,15931.876
002121.SZ,20191112,4.13,4.18,4.06,4.11,4.14,-0.03,-0.7246,48518.0,19887.155
002121.SZ,20191111,4.24,4.24,4.12,4.14,4.33,-0.19,-4.388,102095.68,42466.518
002121.SZ,20191108,4.22,4.6,4.2,4.33,4.2,0.13,3.0952,173586.41,76442.939
002121.SZ,20191107,4.19,4.28,4.14,4.2,4.16,0.04,0.9615,47391.65,19914.333
002121.SZ,20191106,4.26,4.27,4.14,4.16,4.23,-0.07,-1.6548,52280.97,21926.682
002121.SZ,20191105,4.24,4.29,4.2,4.23,4.26,-0.03,-0.7042,46592.42,19768.499
002121.SZ,20191104,4.35,4.41,4.25,4.26,4.33,-0.07,-1.6166,67086.0,28886.634
002121.SZ,20191101,4.2,4.37,4.19,4.33,4.2,0.13,3.0952,82372.65,35557.054
002121.SZ,20191031,4.32,4.35,4.18,4.2,4.35,-0.15,-3.4483,77285.5,32880.986
002121.SZ,20191030,4.46,4.46,4.3,4.35,4.47,-0.12,-2.6846,62474.0,27231.972
002121.SZ,20191029,4.58,4.6,4.46,4.47,4.58,-0.11,-2.4017,70279.0,31903.24
002121.SZ,20191028,4.45,4.58,4.44,4.58,4.4,0.18,4.0909,97208.25,44028.43
002121.SZ,20191025,4.37,4.41,4.3,4.4,4.36,0.04,0.9174,53928.5,23499.387
002121.SZ,20191024,4.35,4.41,4.28,4.36,4.35,0.01,0.2299,56419.0,24553.764
002121.SZ,20191023,4.44,4.46,4.33,4.35,4.44,-0.09,-2.027,54882.5,23995.865
002121.SZ,20191022,4.41,4.45,4.38,4.44,4.41,0.03,0.6803,41068.5,18155.52
002121.SZ,20191021,4.5,4.5,4.37,4.41,4.45,-0.04,-0.8989,48314.5,21306.305
002121.SZ,20191018,4.6,4.61,4.44,4.45,4.6,-0.15,-3.2609,73336.35,32997.787
002121.SZ,20191017,4.61,4.66,4.58,4.6,4.6,0.0,0.0,48981.28,22586.076
002121.SZ,20191016,4.61,4.75,4.6,4.6,4.69,-0.09,-1.919,62269.0,29051.894
002121.SZ,20191015,4.77,4.77,4.51,4.69,4.89,-0.2,-4.09,129228.5,60069.779
002121.SZ,20191014,4.88,4.99,4.86,4.89,4.86,0.03,0.6173,81499.53,39914.1
002121.SZ,20191011,4.83,4.9,4.8,4.86,4.88,-0.02,-0.4098,64994.56,31576.547
002121.SZ,20191010,4.82,4.92,4.8,4.88,4.82,0.06,1.2448,60888.05,29636.265
002121.SZ,20191009,4.73,4.84,4.65,4.82,4.72,0.1,2.1186,59679.0,28553.397
002121.SZ,20191008,4.74,4.82,4.71,4.72,4.75,-0.03,-0.6316,41662.5,19833.32
002121.SZ,20190930,4.77,4.88,4.74,4.75,4.77,-0.02,-0.4193,55340.01,26530.432
002121.SZ,20190927,4.66,4.8,4.66,4.77,4.62,0.15,3.2468,79779.08,37938.261
002121.SZ,20190926,4.81,4.86,4.62,4.62,4.81,-0.19,-3.9501,99155.03,46622.054
002121.SZ,20190925,4.94,4.95,4.76,4.81,4.97,-0.16,-3.2193,101440.0,49154.824
002121.SZ,20190924,4.97,5.02,4.95,4.97,4.97,0.0,0.0,78448.52,39080.32
002121.SZ,20190923,5.02,5.06,4.93,4.97,5.12,-0.15,-2.9297,109551.28,54545.241
002121.SZ,20190920,5.02,5.3,5.02,5.12,4.99,0.13,2.6052,181606.23,93655.54
002121.SZ,20190919,5.06,5.08,4.93,4.99,5.04,-0.05,-0.9921,115196.64,57305.858
002121.SZ,20190918,5.02,5.07,5.0,5.04,5.02,0.02,0.3984,98106.78,49377.819
002121.SZ,20190917,5.18,5.23,5.01,5.02,5.24,-0.22,-4.1985,175659.75,89472.71
002121.SZ,20190916,5.29,5.39,5.22,5.24,5.31,-0.07,-1.3183,177599.35,94209.78
002121.SZ,20190912,5.23,5.34,5.17,5.31,5.26,0.05,0.9506,198891.23,104142.139
002121.SZ,20190911,5.25,5.42,5.23,5.26,5.24,0.02,0.3817,274576.69,145528.485
002121.SZ,20190910,5.27,5.37,5.15,5.24,5.37,-0.13,-2.4209,373997.18,195723.252
002121.SZ,20190909,5.4,5.56,5.28,5.37,5.43,-0.06,-1.105,530790.62,286100.174
002121.SZ,20190906,6.28,6.28,5.42,5.43,5.73,-0.3,-5.2356,975813.96,567984.099
002121.SZ,20190905,5.73,5.73,5.73,5.73,5.21,0.52,9.9808,191400.58,109672.532
002121.SZ,20190904,4.96,5.21,4.87,5.21,4.74,0.47,9.9156,275666.64,140787.506
002121.SZ,20190903,4.76,4.77,4.65,4.74,4.72,0.02,0.4237,157039.9,74048.372
002121.SZ,20190902,4.78,4.79,4.59,4.72,4.66,0.06,1.2876,173810.0,81819.538
002121.SZ,20190830,4.99,5.01,4.66,4.66,5.01,-0.35,-6.986,340207.47,163757.099
002121.SZ,20190829,4.9,5.16,4.89,5.01,4.95,0.06,1.2121,284796.63,143689.609
002121.SZ,20190828,5.18,5.25,4.93,4.95,5.26,-0.31,-5.8935,364578.76,183735.631
002121.SZ,20190827,5.16,5.43,5.03,5.26,5.14,0.12,2.3346,494117.29,258051.844
002121.SZ,20190826,5.2,5.29,5.04,5.14,5.45,-0.31,-5.6881,559606.01,289972.663
002121.SZ,20190823,5.45,5.45,5.42,5.45,4.95,0.5,10.101,328456.55,179004.15
002121.SZ,20190822,4.95,4.95,4.95,4.95,4.5,0.45,10.0,81277.5,40232.362
002121.SZ,20190821,4.33,4.55,4.33,4.5,4.36,0.14,3.211,214729.49,95994.732
002121.SZ,20190820,4.27,4.49,4.26,4.36,4.3,0.06,1.3953,196085.51,85604.674
002121.SZ,20190819,4.15,4.37,4.12,4.3,4.01,0.29,7.2319,171861.87,73059.608
002121.SZ,20190816,3.95,4.06,3.95,4.01,4.0,0.01,0.25,54033.49,21772.751
002121.SZ,20190815,3.9,4.0,3.84,4.0,3.98,0.02,0.5025,50140.85,19648.149
002121.SZ,20190814,3.99,4.05,3.97,3.98,3.95,0.03,0.7595,40044.25,16052.703
002121.SZ,20190813,3.99,3.99,3.9,3.95,4.0,-0.05,-1.25,20062.5,7943.826
002121.SZ,20190812,3.93,4.0,3.93,4.0,3.94,0.06,1.5228,29858.75,11830.8
002121.SZ,20190809,4.01,4.03,3.92,3.94,4.01,-0.07,-1.7456,42393.5,16811.624
002121.SZ,20190808,4.01,4.05,3.99,4.01,4.0,0.01,0.25,38098.25,15289.012
002121.SZ,20190807,4.05,4.09,4.0,4.0,4.03,-0.03,-0.7444,52158.5,21007.995
002121.SZ,20190806,4.18,4.18,3.92,4.03,4.28,-0.25,-5.8411,104369.51,42301.295
002121.SZ,20190805,4.37,4.43,4.25,4.28,4.37,-0.09,-2.0595,53574.0,23157.568
002121.SZ,20190802,4.25,4.37,4.19,4.37,4.31,0.06,1.3921,68321.9,29117.295
002121.SZ,20190801,4.32,4.36,4.3,4.31,4.37,-0.06,-1.373,53007.26,22924.611
002121.SZ,20190731,4.6,4.6,4.35,4.37,4.51,-0.14,-3.1042,105406.64,46431.651
002121.SZ,20190730,4.33,4.6,4.28,4.51,4.31,0.2,4.6404,192133.66,86077.573
002121.SZ,20190729,4.42,4.42,4.26,4.31,4.46,-0.15,-3.3632,109479.68,47296.736
002121.SZ,20190726,4.5,4.59,4.42,4.46,4.5,-0.04,-0.8889,137168.05,61695.185
002121.SZ,20190725,4.38,4.5,4.37,4.5,4.43,0.07,1.5801,66389.6,29519.613
002121.SZ,20190724,4.44,4.49,4.4,4.43,4.42,0.01,0.2262,70763.85,31483.288
002121.SZ,20190723,4.37,4.45,4.31,4.42,4.36,0.06,1.3761,88637.33,39021.277
002121.SZ,20190722,4.43,4.43,4.23,4.36,4.34,0.02,0.4608,80658.38,34932.512
002121.SZ,20190719,4.31,4.41,4.29,4.34,4.31,0.03,0.6961,38090.25,16612.998
002121.SZ,20190718,4.4,4.4,4.31,4.31,4.43,-0.12,-2.7088,48206.65,20936.796
002121.SZ,20190717,4.45,4.48,4.38,4.43,4.45,-0.02,-0.4494,69611.33,30827.071
002121.SZ,20190716,4.34,4.59,4.33,4.45,4.33,0.12,2.7714,134513.62,60049.966
002121.SZ,20190715,4.15,4.47,4.14,4.33,4.54,-0.21,-4.6256,166129.75,71660.485
002121.SZ,20190712,4.52,4.55,4.46,4.54,4.54,0.0,0.0,38646.02,17479.482
002121.SZ,20190711,4.59,4.62,4.5,4.54,4.57,-0.03,-0.6565,40637.8,18535.946
002121.SZ,20190710,4.62,4.62,4.56,4.57,4.59,-0.02,-0.4357,28421.0,13021.216
002121.SZ,20190709,4.63,4.63,4.52,4.59,4.6,-0.01,-0.2174,42373.64,19346.034
002121.SZ,20190708,4.75,4.78,4.56,4.6,4.8,-0.2,-4.1667,77300.44,35820.515
002121.SZ,20190705,4.81,4.81,4.76,4.8,4.79,0.01,0.2088,43201.13,20682.217
002121.SZ,20190704,4.84,4.84,4.76,4.79,4.8,-0.01,-0.2083,53283.26,25576.752
002121.SZ,20190703,4.88,4.9,4.78,4.8,4.94,-0.14,-2.834,100753.75,48601.118
002121.SZ,20190702,5.08,5.17,4.89,4.94,5.08,-0.14,-2.7559,223492.5,112317.462
002121.SZ,20190701,4.96,5.09,4.94,5.08,4.9,0.18,3.6735,130329.8,65445.372
002121.SZ,20190628,4.99,4.99,4.83,4.9,4.92,-0.02,-0.4065,65009.5,31870.682
002121.SZ,20190627,4.84,4.97,4.84,4.92,4.83,0.09,1.8634,87447.0,43033.393
002121.SZ,20190626,4.91,4.95,4.82,4.83,4.98,-0.15,-3.012,84013.67,41061.019
002121.SZ,20190625,4.94,5.03,4.88,4.98,4.95,0.03,0.6061,108046.3,53323.244
002121.SZ,20190624,5.03,5.09,4.9,4.95,5.05,-0.1,-1.9802,110730.48,55204.729
002121.SZ,20190621,4.95,5.11,4.89,5.05,4.95,0.1,2.0202,167950.02,84461.038
002121.SZ,20190620,5.03,5.09,4.85,4.95,4.85,0.1,2.0619,139517.98,68934.179
002121.SZ,20190619,4.86,4.99,4.85,4.85,4.75,0.1,2.1053,98016.86,48021.427
002121.SZ,20190618,4.93,4.93,4.73,4.75,4.8,-0.05,-1.0417,59738.84,28610.214
002121.SZ,20190617,4.78,4.87,4.67,4.8,4.8,0.0,0.0,62021.97,29781.081
002121.SZ,20190614,4.93,5.02,4.78,4.8,4.95,-0.15,-3.0303,83297.33,40616.963
002121.SZ,20190613,4.9,4.99,4.8,4.95,4.93,0.02,0.4057,71314.86,35076.572
002121.SZ,20190612,4.85,5.04,4.82,4.93,4.88,0.05,1.0246,101889.75,50278.17
002121.SZ,20190611,4.55,4.92,4.54,4.88,4.57,0.31,6.7834,115646.33,55373.607
002121.SZ,20190610,4.54,4.64,4.33,4.57,4.56,0.01,0.2193,90381.05,40709.091
002121.SZ,20190606,4.84,4.84,4.45,4.56,4.93,-0.37,-7.5051,171483.67,78683.169
002121.SZ,20190605,5.0,5.05,4.92,4.93,4.99,-0.06,-1.2024,75128.55,37361.159
002121.SZ,20190604,5.17,5.19,4.95,4.99,5.06,-0.07,-1.3834,86879.92,43725.269
002121.SZ,20190603,5.23,5.25,5.05,5.06,5.2,-0.14,-2.6923,94461.67,48426.506
002121.SZ,20190531,5.29,5.34,5.16,5.2,5.29,-0.09,-1.7013,110959.75,58360.899
002121.SZ,20190530,5.38,5.38,5.21,5.29,5.37,-0.08,-1.4898,107382.6,56565.138
002121.SZ,20190529,5.32,5.46,5.26,5.37,5.3,0.07,1.3208,113156.85,60914.233
002121.SZ,20190528,5.28,5.37,5.25,5.3,5.27,0.03,0.5693,116894.87,62125.501
002121.SZ,20190527,5.1,5.3,5.08,5.27,5.11,0.16,3.1311,104123.34,54230.508
002121.SZ,20190524,5.16,5.29,5.06,5.11,5.26,-0.15,-2.8517,123664.37,63772.442
002121.SZ,20190523,5.57,5.63,5.2,5.26,5.59,-0.33,-5.9034,195712.25,106492.975
002121.SZ,20190522,5.41,5.67,5.39,5.59,5.49,0.1,1.8215,288155.67,160028.769
002121.SZ,20190521,5.44,5.71,5.37,5.49,5.65,-0.16,-2.8319,424494.75,233938.602
002121.SZ,20190520,5.15,5.65,5.15,5.65,5.14,0.51,9.9222,444116.92,245048.538
002121.SZ,20190517,5.33,5.48,5.11,5.14,5.38,-0.24,-4.461,120862.54,63594.33
002121.SZ,20190516,5.32,5.43,5.25,5.38,5.34,0.04,0.7491,123001.5,65860.901
002121.SZ,20190515,5.29,5.36,5.16,5.34,5.21,0.13,2.4952,147272.53,77578.063
002121.SZ,20190514,5.12,5.25,5.07,5.21,5.18,0.03,0.5792,116898.97,60697.206
002121.SZ,20190513,5.11,5.2,5.06,5.18,5.22,-0.04,-0.7663,99854.25,51299.008
002121.SZ,20190510,5.13,5.23,4.9,5.22,5.11,0.11,2.1526,178570.21,91936.528
002121.SZ,20190509,4.98,5.48,4.98,5.11,4.98,0.13,2.6104,189874.21,98477.889
002121.SZ,20190508,4.87,5.06,4.73,4.98,4.96,0.02,0.4032,107783.01,53139.949
002121.SZ,20190507,4.96,5.03,4.84,4.96,4.93,0.03,0.6085,135095.59,66763.231
002121.SZ,20190506,5.23,5.43,4.9,4.93,5.43,-0.5,-9.2081,169611.47,86245.178
002121.SZ,20190430,5.4,5.54,5.34,5.43,5.41,0.02,0.3697,126031.03,68554.228
002121.SZ,20190429,6.01,6.1,5.41,5.41,6.01,-0.6,-9.9834,187371.5,104906.683
002121.SZ,20190426,6.08,6.09,5.92,6.01,6.01,0.0,0.0,95790.25,57708.098
002121.SZ,20190425,6.15,6.32,6.0,6.01,6.14,-0.13,-2.1173,174916.8,107826.138
002121.SZ,20190424,6.05,6.14,5.99,6.14,6.05,0.09,1.4876,98581.13,59779.83
002121.SZ,20190423,6.01,6.25,6.0,6.05,6.1,-0.05,-0.8197,119080.78,73213.137
002121.SZ,20190422,6.33,6.33,6.07,6.1,6.28,-0.18,-2.8662,118785.5,73364.879
002121.SZ,20190419,6.23,6.29,6.15,6.28,6.23,0.05,0.8026,138893.56,86741.133
002121.SZ,20190418,6.21,6.29,6.11,6.23,6.23,0.0,0.0,125739.81,77925.598
002121.SZ,20190417,6.17,6.33,6.11,6.23,6.17,0.06,0.9724,136063.22,84998.83
002121.SZ,20190416,6.13,6.2,5.9,6.17,6.21,-0.04,-0.6441,170666.52,102942.122
002121.SZ,20190415,6.41,6.47,6.2,6.21,6.41,-0.2,-3.1201,194512.16,123481.905
002121.SZ,20190412,6.25,6.41,6.24,6.41,6.28,0.13,2.0701,168882.03,107199.859
002121.SZ,20190411,6.38,6.43,6.2,6.28,6.38,-0.1,-1.5674,131842.5,82837.88
002121.SZ,20190410,6.34,6.38,6.22,6.38,6.38,0.0,0.0,130068.5,82033.246
002121.SZ,20190409,6.33,6.4,6.2,6.38,6.29,0.09,1.4308,125425.03,79532.42
002121.SZ,20190408,6.48,6.5,6.14,6.29,6.5,-0.21,-3.2308,238687.61,150665.967
002121.SZ,20190404,6.67,6.72,6.47,6.5,6.66,-0.16,-2.4024,220282.04,144070.702
002121.SZ,20190403,6.65,6.74,6.55,6.66,6.75,-0.09,-1.3333,235581.46,156162.342
002121.SZ,20190402,6.76,7.03,6.74,6.75,6.82,-0.07,-1.0264,309613.5,211885.744
002121.SZ,20190401,7.15,7.15,6.62,6.82,6.5,0.32,4.9231,422327.79,290659.829
002121.SZ,20190322,6.68,6.71,6.37,6.5,6.67,-0.17,-2.5487,246326.47,159478.581
002121.SZ,20190321,6.44,6.76,6.33,6.67,6.45,0.22,3.4109,348116.12,228930.25
002121.SZ,20190320,6.49,6.51,6.25,6.45,6.51,-0.06,-0.9217,222313.4,141680.354
002121.SZ,20190319,6.42,6.64,6.3,6.51,6.43,0.08,1.2442,289079.08,188065.295
002121.SZ,20190318,6.57,6.6,6.08,6.43,6.56,-0.13,-1.9817,342856.91,216703.675
002121.SZ,20190315,6.7,6.8,6.49,6.56,6.67,-0.11,-1.6492,346110.93,229258.9
002121.SZ,20190314,6.85,7.17,6.67,6.67,7.41,-0.74,-9.9865,496358.97,336882.391
002121.SZ,20190313,8.5,8.6,7.38,7.41,8.07,-0.66,-8.1784,998372.52,777549.593
002121.SZ,20190312,7.69,8.07,7.51,8.07,7.34,0.73,9.9455,352809.46,278623.62
002121.SZ,20190311,7.01,7.34,6.78,7.34,6.67,0.67,10.045,786896.09,560609.979
002121.SZ,20190308,7.0,7.73,6.45,6.67,7.15,-0.48,-6.7133,1068113.45,767821.354
002121.SZ,20190307,6.99,7.15,6.86,7.15,6.5,0.65,10.0,476541.54,338206.263
002121.SZ,20190306,6.5,6.5,6.34,6.5,5.91,0.59,9.9831,434237.88,281970.452
002121.SZ,20190305,5.4,5.91,5.4,5.91,5.37,0.54,10.0559,140462.76,81160.315
002121.SZ,20190304,5.25,5.38,5.2,5.37,5.14,0.23,4.4747,197683.01,104918.839
002121.SZ,20190301,5.32,5.32,5.05,5.14,5.24,-0.1,-1.9084,141392.0,72825.092
002121.SZ,20190228,5.22,5.51,5.14,5.24,5.23,0.01,0.1912,147849.5,78549.735
002121.SZ,20190227,5.27,5.43,5.09,5.23,5.27,-0.04,-0.759,171222.98,90358.293
002121.SZ,20190226,5.45,5.48,5.27,5.27,5.51,-0.24,-4.3557,179471.44,96665.473
002121.SZ,20190225,5.32,5.52,5.21,5.51,5.18,0.33,6.3707,226530.53,121105.21
002121.SZ,20190222,5.16,5.2,5.05,5.18,5.2,-0.02,-0.3846,117692.72,60220.228
002121.SZ,20190221,5.27,5.28,5.06,5.2,5.19,0.01,0.1927,124746.12,64705.761
002121.SZ,20190220,4.98,5.3,4.98,5.19,4.99,0.2,4.008,185828.25,96427.066
002121.SZ,20190219,4.95,5.22,4.88,4.99,4.9,0.09,1.8367,135262.54,67937.678
002121.SZ,20190218,4.75,4.92,4.75,4.9,4.76,0.14,2.9412,72836.98,35542.153
002121.SZ,20190215,4.72,4.76,4.67,4.76,4.73,0.03,0.6342,60868.09,28741.667
002121.SZ,20190214,4.61,4.73,4.54,4.73,4.61,0.12,2.603,95324.69,44284.666
002121.SZ,20190213,4.44,4.62,4.43,4.61,4.44,0.17,3.8288,80670.27,36924.292
002121.SZ,20190212,4.39,4.49,4.35,4.44,4.39,0.05,1.139,83374.1,36965.633
002121.SZ,20190211,4.26,4.41,4.21,4.39,4.13,0.26,6.2954,85732.4,37187.388
002121.SZ,20190201,4.05,4.17,3.99,4.13,4.0,0.13,3.25,58281.38,23975.968
002121.SZ,20190131,3.95,4.05,3.88,4.0,3.97,0.03,0.7557,92669.62,37002.703
002121.SZ,20190130,4.02,4.15,3.83,3.97,4.25,-0.28,-6.5882,263560.71,103887.262
002121.SZ,20190129,4.25,4.3,4.25,4.25,4.72,-0.47,-9.9576,152319.0,64741.976
002121.SZ,20190128,4.87,4.94,4.67,4.72,4.92,-0.2,-4.065,112986.38,53785.886
002121.SZ,20190125,5.18,5.24,4.9,4.92,5.11,-0.19,-3.7182,110715.02,55622.793
002121.SZ,20190124,5.06,5.15,5.01,5.11,5.07,0.04,0.789,76657.83,39077.393
002121.SZ,20190123,4.9,5.07,4.86,5.07,4.95,0.12,2.4242,71152.14,35362.829
002121.SZ,20190122,5.19,5.19,4.92,4.95,5.19,-0.24,-4.6243,101183.46,50546.595
002121.SZ,20190121,5.28,5.48,5.12,5.19,5.12,0.07,1.3672,111784.75,58676.193
002121.SZ,20190118,4.99,5.13,4.97,5.12,5.02,0.1,1.992,60159.03,30516.687
002121.SZ,20190117,5.11,5.13,5.0,5.02,5.11,-0.09,-1.7613,48551.53,24467.052
002121.SZ,20190116,5.2,5.2,5.07,5.11,5.21,-0.1,-1.9194,74503.01,38149.411
002121.SZ,20190115,4.99,5.23,4.97,5.21,4.99,0.22,4.4088,147763.52,76305.836
002121.SZ,20190114,5.1,5.24,4.98,4.99,5.01,-0.02,-0.3992,63327.0,32156.309
002121.SZ,20190111,4.97,5.06,4.97,5.01,4.97,0.04,0.8048,43223.5,21662.626
002121.SZ,20190110,4.91,5.12,4.91,4.97,4.9,0.07,1.4286,65020.69,32635.668
002121.SZ,20190109,4.92,5.02,4.87,4.9,4.89,0.01,0.2045,62941.86,31161.996
002121.SZ,20190108,4.94,4.97,4.88,4.89,4.97,-0.08,-1.6097,49097.61,24155.352
002121.SZ,20190107,4.69,4.98,4.69,4.97,4.66,0.31,6.6524,90282.66,43822.233
002121.SZ,20190104,4.51,4.68,4.45,4.66,4.56,0.1,2.193,32853.53,15130.13
002121.SZ,20190103,4.56,4.64,4.55,4.56,4.58,-0.02,-0.4367,21815.0,9992.371
002121.SZ,20190102,4.6,4.67,4.56,4.58,4.6,-0.02,-0.4348,14952.5,6876.249
002121.SZ,20181228,4.62,4.66,4.59,4.6,4.62,-0.02,-0.4329,18547.75,8587.906
002121.SZ,20181227,4.82,4.86,4.61,4.62,4.76,-0.14,-2.9412,26381.75,12477.651
002121.SZ,20181226,4.74,4.83,4.73,4.76,4.74,0.02,0.4219,21815.43,10418.631
002121.SZ,20181225,4.83,4.83,4.6,4.74,4.86,-0.12,-2.4691,29308.49,13843.08
002121.SZ,20181224,4.87,4.9,4.81,4.86,4.88,-0.02,-0.4098,19178.3,9312.557
002121.SZ,20181221,4.78,4.9,4.75,4.88,4.79,0.09,1.8789,40647.0,19704.655
002121.SZ,20181220,4.78,4.83,4.73,4.79,4.78,0.01,0.2092,27531.74,13176.125
002121.SZ,20181219,4.87,4.9,4.76,4.78,4.87,-0.09,-1.848,32978.24,15881.675
002121.SZ,20181218,4.95,4.97,4.85,4.87,4.94,-0.07,-1.417,39134.52,19185.915
002121.SZ,20181217,5.0,5.02,4.9,4.94,4.97,-0.03,-0.6036,34778.93,17218.778
002121.SZ,20181214,5.17,5.17,4.94,4.97,5.15,-0.18,-3.4951,55789.0,28143.52
002121.SZ,20181213,5.16,5.19,5.09,5.15,5.16,-0.01,-0.1938,70432.02,36230.696
002121.SZ,20181212,5.22,5.22,5.14,5.16,5.24,-0.08,-1.5267,84031.5,43438.995
002121.SZ,20181211,5.01,5.29,4.97,5.24,5.05,0.19,3.7624,168929.74,87471.766
002121.SZ,20181210,4.82,5.18,4.77,5.05,4.87,0.18,3.6961,95999.2,47878.962
002121.SZ,20181207,4.95,4.95,4.85,4.87,4.88,-0.01,-0.2049,28313.5,13814.119
002121.SZ,20181206,4.98,4.99,4.87,4.88,5.01,-0.13,-2.5948,45532.5,22410.68
002121.SZ,20181205,4.96,5.05,4.92,5.01,5.05,-0.04,-0.7921,39945.36,19924.647
002121.SZ,20181204,5.01,5.1,4.98,5.05,4.99,0.06,1.2024,46716.29,23576.342
002121.SZ,20181203,4.99,5.04,4.94,4.99,4.88,0.11,2.2541,53492.05,26780.384
002121.SZ,20181130,4.89,4.92,4.76,4.88,4.9,-0.02,-0.4082,38452.74,18660.322
002121.SZ,20181129,5.07,5.11,4.88,4.9,5.07,-0.17,-3.3531,55647.03,27744.854
002121.SZ,20181128,4.98,5.09,4.89,5.07,5.0,0.07,1.4,61653.12,30855.751
002121.SZ,20181127,4.99,5.04,4.93,5.0,4.95,0.05,1.0101,41447.0,20663.602
002121.SZ,20181126,4.93,4.99,4.9,4.95,4.96,-0.01,-0.2016,35520.44,17543.668
002121.SZ,20181123,5.22,5.24,4.88,4.96,5.26,-0.3,-5.7034,92768.24,46740.502
002121.SZ,20181122,5.15,5.27,5.1,5.26,5.11,0.15,2.9354,92922.44,48380.923
002121.SZ,20181121,4.99,5.12,4.95,5.11,4.99,0.12,2.4048,57439.5,29064.89
002121.SZ,20181120,5.21,5.24,4.98,4.99,5.25,-0.26,-4.9524,78605.5,40079.339
002121.SZ,20181119,5.2,5.29,5.16,5.25,5.19,0.06,1.1561,73464.01,38313.351
002121.SZ,20181116,5.13,5.24,5.11,5.19,5.14,0.05,0.9728,66074.5,34181.683
002121.SZ,20181115,5.08,5.16,5.05,5.14,5.1,0.04,0.7843,54524.3,27914.165
002121.SZ,20181114,5.01,5.17,5.01,5.1,5.09,0.01,0.1965,69062.27,35201.696
002121.SZ,20181113,4.9,5.14,4.85,5.09,4.97,0.12,2.4145,86649.47,43707.124
002121.SZ,20181112,4.88,4.98,4.85,4.97,4.87,0.1,2.0534,44756.29,22105.75
002121.SZ,20181109,4.84,4.91,4.76,4.87,4.85,0.02,0.4124,30654.68,14925.339
002121.SZ,20181108,4.91,4.97,4.84,4.85,4.91,-0.06,-1.222,39272.5,19187.48
002121.SZ,20181107,4.96,5.05,4.9,4.91,4.99,-0.08,-1.6032,43585.68,21645.425
002121.SZ,20181106,4.92,5.0,4.83,4.99,4.95,0.04,0.8081,58152.0,28461.511
002121.SZ,20181105,4.86,4.96,4.77,4.95,4.86,0.09,1.8519,83747.17,40967.108
002121.SZ,20181102,4.81,4.88,4.73,4.86,4.74,0.12,2.5316,98921.07,47446.179
002121.SZ,20181101,4.62,4.82,4.57,4.74,4.62,0.12,2.5974,119453.07,56469.563
002121.SZ,20181031,4.56,4.69,4.5,4.62,4.46,0.16,3.5874,78048.12,36035.56
002121.SZ,20181030,4.45,4.5,4.34,4.46,4.46,0.0,0.0,45127.29,19969.584
002121.SZ,20181029,4.51,4.54,4.43,4.46,4.55,-0.09,-1.978,37687.82,16874.952
002121.SZ,20181026,4.6,4.66,4.53,4.55,4.56,-0.01,-0.2193,42908.0,19670.354
002121.SZ,20181025,4.51,4.58,4.41,4.56,4.67,-0.11,-2.3555,47024.0,21213.32
002121.SZ,20181024,4.68,4.74,4.61,4.67,4.71,-0.04,-0.8493,50369.5,23527.974
002121.SZ,20181023,4.85,4.85,4.71,4.71,4.86,-0.15,-3.0864,63489.37,30293.218
002121.SZ,20181022,4.74,4.97,4.67,4.86,4.71,0.15,3.1847,98748.91,47778.557
002121.SZ,20181019,4.36,4.9,4.36,4.71,4.45,0.26,5.8427,93183.42,43219.751
002121.SZ,20181018,4.79,4.79,4.4,4.45,4.79,-0.34,-7.0981,70623.5,32290.171
002121.SZ,20181017,4.62,4.84,4.62,4.79,4.73,0.06,1.2685,55842.97,26552.585
002121.SZ,20181016,5.0,5.03,4.71,4.73,5.12,-0.39,-7.6172,92059.5,44739.973
002121.SZ,20181015,5.46,5.46,5.12,5.12,4.96,0.16,3.2258,145780.08,77559.89
002121.SZ,20181012,5.11,5.13,4.66,4.96,5.12,-0.16,-3.125,57516.1,28317.632
002121.SZ,20181011,5.53,5.53,5.11,5.12,5.68,-0.56,-9.8592,67614.03,35928.503
002121.SZ,20181010,5.68,5.73,5.61,5.68,5.67,0.01,0.1764,25843.0,14626.234
002121.SZ,20181009,5.7,5.82,5.65,5.67,5.75,-0.08,-1.3913,34109.03,19473.291
002121.SZ,20181008,5.86,5.94,5.74,5.75,6.0,-0.25,-4.1667,55178.32,32179.282
002121.SZ,20180928,5.82,6.02,5.24,6.0,5.82,0.18,3.0928,156772.23,91307.844
002121.SZ,20180927,5.8,5.84,5.77,5.82,5.8,0.02,0.3448,106543.49,61884.153
002121.SZ,20180926,5.86,5.86,5.78,5.8,5.88,-0.08,-1.3605,87868.73,51051.454
002121.SZ,20180925,5.87,5.93,5.79,5.88,5.96,-0.08,-1.3423,75021.86,43927.96
002121.SZ,20180921,6.0,6.01,5.86,5.96,5.95,0.01,0.1681,92859.57,54966.696
002121.SZ,20180920,5.83,5.95,5.8,5.95,5.83,0.12,2.0583,100503.86,59095.564
002121.SZ,20180919,5.7,5.84,5.68,5.83,5.72,0.11,1.9231,63587.79,36850.094
002121.SZ,20180918,5.65,5.75,5.63,5.72,5.64,0.08,1.4184,43187.75,24636.467
002121.SZ,20180917,5.71,5.75,5.63,5.64,5.78,-0.14,-2.4221,34698.07,19656.694
002121.SZ,20180914,5.88,5.93,5.77,5.78,5.84,-0.06,-1.0274,46243.86,26930.76
002121.SZ,20180913,5.85,5.91,5.8,5.84,5.83,0.01,0.1715,65632.02,38368.253
002121.SZ,20180912,5.71,5.85,5.65,5.83,5.71,0.12,2.1016,87257.77,50687.834
002121.SZ,20180911,5.76,5.76,5.66,5.71,5.78,-0.07,-1.2111,28721.23,16393.718
002121.SZ,20180910,5.75,5.79,5.7,5.78,5.8,-0.02,-0.3448,35705.6,20504.141
002121.SZ,20180907,5.73,5.83,5.63,5.8,5.79,0.01,0.1727,62328.83,35957.067
002121.SZ,20180906,5.79,5.84,5.71,5.79,5.83,-0.04,-0.6861,49043.11,28395.473
002121.SZ,20180905,5.79,5.9,5.76,5.83,5.83,0.0,0.0,52851.61,30809.639
002121.SZ,20180904,5.72,5.87,5.63,5.83,5.78,0.05,0.8651,70639.36,40741.032
002121.SZ,20180903,5.85,5.98,5.73,5.78,5.72,0.06,1.049,87128.0,50799.467
002121.SZ,20180831,5.57,5.72,5.49,5.72,5.61,0.11,1.9608,73727.02,41401.081
002121.SZ,20180830,5.62,5.69,5.56,5.61,5.66,-0.05,-0.8834,44630.37,25057.193
002121.SZ,20180829,5.68,5.68,5.58,5.66,5.7,-0.04,-0.7018,49836.0,28076.434
002121.SZ,20180828,5.72,5.77,5.66,5.7,5.7,0.0,0.0,54855.0,31282.979
002121.SZ,20180827,5.63,5.7,5.56,5.7,5.61,0.09,1.6043,73261.5,41365.624
002121.SZ,20180824,5.56,5.7,5.52,5.61,5.57,0.04,0.7181,49712.0,27935.249
002121.SZ,20180823,5.53,5.64,5.48,5.57,5.49,0.08,1.4572,62189.8,34733.237
002121.SZ,20180822,5.66,5.66,5.49,5.49,5.67,-0.18,-3.1746,65383.13,36224.806
002121.SZ,20180821,5.65,5.71,5.62,5.67,5.65,0.02,0.354,51728.32,29316.864
002121.SZ,20180820,5.7,5.76,5.55,5.65,5.7,-0.05,-0.8772,66215.5,37345.531
002121.SZ,20180817,5.95,5.95,5.63,5.7,5.88,-0.18,-3.0612,75506.75,43588.78
002121.SZ,20180816,5.97,5.97,5.85,5.88,5.98,-0.1,-1.6722,75866.59,44837.924
002121.SZ,20180815,5.9,6.14,5.9,5.98,5.95,0.03,0.5042,125854.34,75614.712
002121.SZ,20180814,5.8,6.02,5.75,5.95,5.75,0.2,3.4783,126750.04,75061.203
002121.SZ,20180813,5.56,5.77,5.55,5.75,5.69,0.06,1.0545,82026.93,46835.406
002121.SZ,20180810,5.65,5.77,5.64,5.69,5.69,0.0,0.0,83280.38,47438.206
002121.SZ,20180809,5.61,5.79,5.54,5.69,5.62,0.07,1.2456,151324.86,86463.235
002121.SZ,20180808,5.47,5.85,5.43,5.62,5.52,0.1,1.8116,228320.73,129673.63
002121.SZ,20180807,5.31,5.68,5.31,5.52,5.84,-0.32,-5.4795,322161.36,176248.754
002121.SZ,20180806,5.84,6.27,5.84,5.84,6.49,-0.65,-10.0154,223590.9,131427.414
002121.SZ,20180606,6.6,6.61,6.47,6.49,6.56,-0.07,-1.07,86390.32,56324.793
002121.SZ,20180605,6.55,6.58,6.47,6.56,6.48,0.08,1.23,92229.15,60308.05
002121.SZ,20180604,6.62,6.64,6.34,6.48,6.6,-0.12,-1.82,134000.26,86621.717
002121.SZ,20180601,7.01,7.06,6.46,6.6,7.17,-0.57,-7.95,245345.68,165249.654
002121.SZ,20180531,7.45,7.45,7.09,7.17,7.07,0.1,1.41,151166.2,109323.353
002121.SZ,20180530,7.11,7.21,7.0,7.07,7.23,-0.16,-2.21,77331.08,54929.009
002121.SZ,20180529,7.3,7.37,7.19,7.23,7.3,-0.07,-0.96,57007.06,41431.951
002121.SZ,20180528,7.16,7.34,7.08,7.3,7.19,0.11,1.53,93078.5,67379.353
002121.SZ,20180525,7.34,7.35,7.18,7.19,7.39,-0.2,-2.71,114363.68,82653.354
002121.SZ,20180524,7.48,7.5,7.13,7.39,7.46,-0.07,-0.94,174608.74,127488.632
002121.SZ,20180523,7.7,7.7,7.43,7.49,7.69,-0.2,-2.6,112021.31,84389.01
002121.SZ,20180522,7.88,7.92,7.66,7.69,7.9,-0.21,-2.66,143383.53,111120.95
002121.SZ,20180521,7.99,8.0,7.86,7.9,7.84,0.06,0.77,89577.78,71036.319
002121.SZ,20180518,7.9,7.94,7.8,7.84,7.88,-0.04,-0.51,66763.62,52438.371
002121.SZ,20180517,8.0,8.03,7.88,7.88,8.0,-0.12,-1.5,64347.97,51122.368
002121.SZ,20180516,8.18,8.18,7.97,8.0,8.24,-0.24,-2.91,95474.69,76729.284
002121.SZ,20180515,8.2,8.24,7.96,8.24,8.21,0.03,0.37,136809.37,110517.566
002121.SZ,20180514,8.35,8.37,8.16,8.21,8.37,-0.16,-1.91,72958.83,60235.864
002121.SZ,20180511,8.24,8.48,8.16,8.37,8.25,0.12,1.45,126840.27,105470.168
002121.SZ,20180510,8.3,8.35,8.2,8.25,8.32,-0.07,-0.84,92094.0,75890.174
002121.SZ,20180509,8.42,8.5,8.31,8.32,8.52,-0.2,-2.35,93901.53,78587.633
002121.SZ,20180508,8.35,8.53,8.24,8.52,8.5,0.02,0.24,163859.79,137775.545
002121.SZ,20180507,8.35,8.5,8.08,8.5,8.59,-0.09,-1.05,221060.59,181727.782
002121.SZ,20180504,8.5,9.07,8.25,8.59,8.59,0.0,0.0,376150.69,326530.928
002121.SZ,20180202,8.15,8.59,7.98,8.59,8.3,0.29,3.49,98023.81,80469.879
002121.SZ,20180201,8.64,8.69,8.25,8.3,8.67,-0.37,-4.27,85902.0,72273.599
002121.SZ,20180131,8.78,8.78,8.62,8.67,8.67,0.0,0.0,47213.98,41009.372
002121.SZ,20180130,8.66,8.74,8.66,8.67,8.62,0.05,0.58,41707.0,36286.101
002121.SZ,20180129,8.76,8.82,8.59,8.62,8.75,-0.13,-1.49,57340.11,49716.855
002121.SZ,20180126,8.82,8.87,8.73,8.75,8.85,-0.1,-1.13,49079.08,43147.064
002121.SZ,20180125,8.93,8.97,8.84,8.85,8.93,-0.08,-0.9,47757.85,42445.789
002121.SZ,20180124,8.98,8.99,8.86,8.93,8.98,-0.05,-0.56,52537.0,46809.755
002121.SZ,20180123,8.77,9.03,8.77,8.98,8.76,0.22,2.51,91780.11,81918.68
002121.SZ,20180122,8.66,8.8,8.66,8.76,8.64,0.12,1.39,50554.24,44200.636
002121.SZ,20180119,8.68,8.7,8.58,8.64,8.66,-0.02,-0.23,58460.9,50533.231
002121.SZ,20180118,8.7,8.74,8.65,8.66,8.7,-0.04,-0.46,35970.74,31240.903
002121.SZ,20180117,8.8,8.84,8.6,8.7,8.78,-0.08,-0.91,50115.94,43563.799
002121.SZ,20180116,8.75,8.82,8.74,8.78,8.76,0.02,0.23,43966.24,38574.045
002121.SZ,20180115,9.01,9.01,8.73,8.76,8.99,-0.23,-2.56,79112.97,69927.461
002121.SZ,20180112,9.05,9.05,8.93,8.99,9.0,-0.01,-0.11,51407.25,46171.395
002121.SZ,20180111,9.05,9.06,8.86,9.0,9.04,-0.04,-0.44,86918.65,77779.741
002121.SZ,20180110,9.18,9.18,8.97,9.04,9.17,-0.13,-1.42,66308.43,59976.755
002121.SZ,20180109,9.08,9.26,9.01,9.17,9.06,0.11,1.21,109595.14,100186.589
002121.SZ,20180108,8.99,9.06,8.92,9.06,8.91,0.15,1.68,74087.84,66700.214
002121.SZ,20180105,8.95,9.0,8.88,8.91,8.95,-0.04,-0.45,50429.96,45020.559
002121.SZ,20180104,9.01,9.05,8.93,8.95,9.06,-0.11,-1.21,54522.17,49054.657
002121.SZ,20180103,9.03,9.08,8.96,9.06,9.03,0.03,0.33,70542.07,63692.017
002121.SZ,20180102,8.97,9.05,8.93,9.03,8.95,0.08,0.89,47298.0,42536.739
002121.SZ,20171229,8.94,8.98,8.88,8.95,8.91,0.04,0.45,33904.79,30274.026
002121.SZ,20171228,8.88,8.98,8.8,8.91,8.9,0.01,0.11,47050.0,42005.749
002121.SZ,20171227,8.89,8.93,8.8,8.9,8.86,0.04,0.45,38910.73,34515.548
002121.SZ,20171226,8.8,8.9,8.73,8.86,8.79,0.07,0.8,35924.38,31734.359
002121.SZ,20171225,8.94,8.98,8.76,8.79,8.93,-0.14,-1.57,45878.61,40522.911
002121.SZ,20171222,8.99,9.03,8.91,8.93,8.99,-0.06,-0.67,26408.5,23655.576
002121.SZ,20171221,8.96,9.03,8.85,8.99,9.02,-0.03,-0.33,39216.5,35098.804
002121.SZ,20171220,9.1,9.15,8.93,9.02,9.09,-0.07,-0.77,44389.5,40046.488
002121.SZ,20171219,9.03,9.15,9.03,9.09,9.1,-0.01,-0.11,45396.97,41268.856
002121.SZ,20171218,9.23,9.3,9.08,9.1,9.25,-0.15,-1.62,64110.63,58607.358
002121.SZ,20171215,9.22,9.46,9.17,9.25,9.15,0.1,1.09,126569.39,118003.096
002121.SZ,20171214,9.05,9.15,9.0,9.15,9.04,0.11,1.22,67337.81,61094.009
002121.SZ,20171213,9.06,9.09,8.98,9.04,9.03,0.01,0.11,62717.55,56628.45
002121.SZ,20171212,9.14,9.16,9.0,9.03,9.14,-0.11,-1.2,55920.35,50853.066
002121.SZ,20171211,9.12,9.16,9.02,9.14,9.08,0.06,0.66,62712.21,57071.312
002121.SZ,20171208,9.02,9.15,9.0,9.08,9.02,0.06,0.67,66628.71,60528.515
002121.SZ,20171207,9.0,9.16,8.91,9.02,9.05,-0.03,-0.33,57616.2,51998.767
002121.SZ,20171206,9.02,9.24,8.89,9.05,8.76,0.29,3.31,137959.94,125160.856
002121.SZ,20171205,9.12,9.13,8.74,8.76,9.14,-0.38,-4.16,93001.98,83239.135
002121.SZ,20171204,9.35,9.38,9.04,9.14,9.4,-0.26,-2.77,100965.01,92521.326
002121.SZ,20171201,9.25,9.4,9.25,9.4,9.22,0.18,1.95,56547.0,52758.734
002121.SZ,20171130,9.5,9.5,9.22,9.22,9.5,-0.28,-2.95,78106.0,73015.879
002121.SZ,20171129,9.58,9.6,9.39,9.5,9.56,-0.06,-0.63,51697.09,48859.323
002121.SZ,20171128,9.4,9.59,9.4,9.56,9.45,0.11,1.16,44489.0,42311.055
002121.SZ,20171127,9.63,9.63,9.4,9.45,9.6,-0.15,-1.56,52292.56,49528.15
002121.SZ,20171124,9.6,9.69,9.31,9.6,9.56,0.04,0.42,99218.54,94232.288
002121.SZ,20171123,9.8,9.88,9.55,9.56,9.84,-0.28,-2.85,84742.11,82309.805
002121.SZ,20171122,9.99,10.03,9.71,9.84,10.0,-0.16,-1.6,130060.0,128217.478
002121.SZ,20171121,9.96,10.22,9.92,10.0,10.0,0.0,0.0,118977.54,119743.309
002121.SZ,20171120,10.1,10.12,9.61,10.0,10.15,-0.15,-1.48,147959.42,146289.717
002121.SZ,20171117,10.48,10.53,10.09,10.15,10.52,-0.37,-3.52,189837.17,194905.566
002121.SZ,20171116,10.29,10.65,10.21,10.52,10.3,0.22,2.14,266018.32,280116.631
002121.SZ,20171115,10.4,10.46,10.23,10.3,10.48,-0.18,-1.72,138121.05,142789.481
002121.SZ,20171114,10.46,10.55,10.31,10.48,10.45,0.03,0.29,223720.16,233720.782
002121.SZ,20171113,10.14,10.54,10.12,10.45,10.14,0.31,3.06,271962.6,282616.635
002121.SZ,20171110,9.93,10.2,9.86,10.14,9.9,0.24,2.42,145061.28,145956.08
002121.SZ,20171109,9.9,9.94,9.82,9.9,9.9,0.0,0.0,49204.63,48571.146
002121.SZ,20171108,9.83,9.99,9.8,9.9,9.84,0.06,0.61,67207.5,66667.415
002121.SZ,20171107,9.8,9.91,9.73,9.84,9.81,0.03,0.31,51528.4,50640.844
002121.SZ,20171106,9.61,9.83,9.55,9.81,9.61,0.2,2.08,66565.03,64631.47
002121.SZ,20171103,9.85,9.89,9.43,9.61,9.82,-0.21,-2.14,108824.78,104740.288
002121.SZ,20171102,10.05,10.05,9.82,9.82,10.09,-0.27,-2.68,103893.47,102888.377
002121.SZ,20171101,10.07,10.15,9.99,10.09,10.07,0.02,0.2,85242.49,85846.005
002121.SZ,20171031,9.99,10.07,9.93,10.07,10.03,0.04,0.4,76038.71,76040.744
002121.SZ,20171030,10.33,10.36,9.9,10.03,10.29,-0.26,-2.53,131434.69,132180.761
002121.SZ,20171027,10.27,10.4,10.16,10.29,10.25,0.04,0.39,153257.17,157815.245
002121.SZ,20171026,10.12,10.36,10.1,10.25,10.07,0.18,1.79,140780.24,144385.132
002121.SZ,20171025,10.07,10.08,9.98,10.07,10.04,0.03,0.3,47805.95,47963.164
002121.SZ,20171024,10.02,10.12,9.84,10.04,10.07,-0.03,-0.3,72542.72,72400.222
002121.SZ,20171023,10.07,10.11,9.97,10.07,10.07,0.0,0.0,48469.67,48641.742
002121.SZ,20171020,9.76,10.07,9.76,10.07,9.81,0.26,2.65,57425.95,56756.61
002121.SZ,20171019,10.0,10.04,9.75,9.81,10.0,-0.19,-1.9,85131.75,83895.226
002121.SZ,20171018,10.1,10.13,9.97,10.0,10.05,-0.05,-0.5,70028.49,70252.956
002121.SZ,20171017,10.09,10.17,9.99,10.05,10.09,-0.04,-0.4,70165.41,70585.054
002121.SZ,20171016,10.4,10.43,10.09,10.09,10.26,-0.17,-1.66,119956.17,122647.115
002121.SZ,20171013,10.2,10.33,10.2,10.26,10.31,-0.05,-0.49,87492.67,89647.938
002121.SZ,20171012,10.55,10.56,10.25,10.31,10.39,-0.08,-0.77,117859.17,122325.732
002121.SZ,20171011,10.31,10.55,10.3,10.39,10.26,0.13,1.27,193448.05,202253.422
002121.SZ,20171010,10.36,10.36,10.17,10.26,10.39,-0.13,-1.25,119883.46,122981.034
002121.SZ,20171009,10.25,10.42,10.2,10.39,10.17,0.22,2.16,117138.79,120974.818
002121.SZ,20170929,10.16,10.27,10.13,10.17,10.19,-0.02,-0.2,105843.37,107971.582
002121.SZ,20170928,10.08,10.21,10.01,10.19,10.12,0.07,0.69,105536.23,107031.441
002121.SZ,20170927,10.01,10.14,9.97,10.12,10.01,0.11,1.1,112786.69,113423.658
002121.SZ,20170926,10.04,10.1,9.86,10.01,10.04,-0.03,-0.3,118442.75,118095.384
002121.SZ,20170925,10.22,10.29,10.0,10.04,10.22,-0.18,-1.76,107430.82,109068.677
002121.SZ,20170922,10.36,10.36,10.13,10.22,10.3,-0.08,-0.78,111139.38,113429.504
002121.SZ,20170921,10.49,10.65,10.23,10.3,10.47,-0.17,-1.62,155641.63,162755.675
002121.SZ,20170920,10.33,10.48,10.2,10.47,10.41,0.06,0.58,186802.34,193851.456
002121.SZ,20170919,10.33,10.75,10.33,10.41,10.23,0.18,1.76,253040.38,266124.24
002121.SZ,20170918,10.15,10.31,10.11,10.23,10.15,0.08,0.79,108464.29,110907.944
002121.SZ,20170915,10.24,10.24,10.08,10.15,10.29,-0.14,-1.36,134573.73,136368.182
002121.SZ,20170914,10.4,10.51,10.2,10.29,10.33,-0.04,-0.39,160547.89,165915.295
002121.SZ,20170913,10.3,10.39,10.1,10.33,10.4,-0.07,-0.67,230481.41,236082.838
002121.SZ,20170912,10.69,10.83,10.29,10.4,10.67,-0.27,-2.53,460248.03,488414.679
002121.SZ,20170911,10.2,10.79,10.2,10.67,10.1,0.57,5.64,418772.46,441604.906
002121.SZ,20170908,10.07,10.22,10.0,10.1,10.13,-0.03,-0.3,166089.09,167749.199
002121.SZ,20170907,10.22,10.35,10.1,10.13,10.08,0.05,0.5,222746.69,227693.336
002121.SZ,20170906,10.14,10.42,10.01,10.08,10.14,-0.06,-0.59,233700.23,238117.338
002121.SZ,20170905,10.04,10.23,9.87,10.14,10.14,0.0,0.0,232138.03,233410.721
002121.SZ,20170904,10.2,10.42,10.13,10.14,10.24,-0.1,-0.98,214822.23,219974.213
002121.SZ,20170901,10.2,10.46,10.15,10.24,10.16,0.08,0.79,292388.53,301208.444
002121.SZ,20170831,10.18,10.3,10.1,10.16,10.24,-0.08,-0.78,267654.13,272398.038
002121.SZ,20170830,9.82,10.35,9.76,10.24,9.95,0.29,2.91,528879.57,537052.495
002121.SZ,20170829,9.5,10.2,9.49,9.95,9.5,0.45,4.74,399527.62,390001.173
002121.SZ,20170828,9.4,9.6,9.31,9.5,9.31,0.19,2.04,171685.99,162248.679
002121.SZ,20170825,9.23,9.36,9.23,9.31,9.27,0.04,0.43,95835.36,89289.151
002121.SZ,20170824,9.4,9.47,9.25,9.27,9.39,-0.12,-1.28,141218.5,132212.507
002121.SZ,20170823,9.45,9.55,9.37,9.39,9.44,-0.05,-0.53,150521.1,142376.167
002121.SZ,20170822,9.66,9.67,9.42,9.44,9.56,-0.12,-1.26,261632.35,249269.424
002121.SZ,20170821,9.27,9.57,9.19,9.56,9.24,0.32,3.46,320189.55,302556.663
002121.SZ,20170818,9.3,9.3,9.16,9.24,9.32,-0.08,-0.86,120350.68,111100.351
002121.SZ,20170817,9.45,9.48,9.24,9.32,9.4,-0.08,-0.85,197814.54,184342.929
002121.SZ,20170816,9.32,9.49,9.22,9.4,9.33,0.07,0.75,223039.22,208776.139
002121.SZ,20170815,9.29,9.34,9.21,9.33,9.33,0.0,0.0,203857.56,188961.39
002121.SZ,20170814,9.09,9.39,9.05,9.33,9.09,0.24,2.64,336185.37,311597.422
002121.SZ,20170811,8.71,9.28,8.68,9.09,8.78,0.31,3.53,373059.53,338545.454
002121.SZ,20170810,8.91,8.98,8.75,8.78,8.9,-0.12,-1.35,122960.53,108627.977
002121.SZ,20170809,9.0,9.02,8.89,8.9,8.99,-0.09,-1.0,83822.95,74850.517
002121.SZ,20170808,8.96,9.02,8.88,8.99,8.97,0.02,0.22,84695.06,75806.644
002121.SZ,20170807,8.95,9.1,8.92,8.97,9.02,-0.05,-0.55,102293.21,92106.176
002121.SZ,20170804,9.16,9.19,9.0,9.02,9.17,-0.15,-1.64,133129.0,120948.768
002121.SZ,20170803,9.16,9.18,9.02,9.17,9.17,0.0,0.0,154119.87,139938.638
002121.SZ,20170802,9.14,9.33,9.11,9.17,9.13,0.04,0.44,311307.48,287155.444
002121.SZ,20170801,8.95,9.15,8.85,9.13,8.92,0.21,2.35,208775.49,188608.781
002121.SZ,20170731,8.91,8.94,8.82,8.92,8.91,0.01,0.11,111940.51,99387.437
002121.SZ,20170728,9.01,9.15,8.9,8.91,9.02,-0.11,-1.22,139657.65,125695.939
002121.SZ,20170727,8.98,9.05,8.88,9.02,9.02,0.0,0.0,126573.16,113919.976
002121.SZ,20170726,8.86,9.02,8.81,9.02,8.93,0.09,1.01,104489.55,93232.811
002121.SZ,20170725,8.94,8.98,8.85,8.93,9.0,-0.07,-0.78,77917.15,69347.509
002121.SZ,20170724,8.87,9.06,8.77,9.0,8.93,0.07,0.78,165233.06,147393.678
002121.SZ,20170721,8.65,8.98,8.55,8.93,8.61,0.32,3.72,155002.69,136631.692
002121.SZ,20170720,8.78,8.8,8.61,8.61,8.73,-0.12,-1.37,77806.5,67659.767
002121.SZ,20170719,8.68,8.74,8.62,8.73,8.7,0.03,0.34,74008.49,64231.019
002121.SZ,20170718,8.55,8.72,8.52,8.7,8.56,0.14,1.64,56933.41,49059.219
002121.SZ,20170717,9.03,9.06,8.5,8.56,9.0,-0.44,-4.89,165758.05,143820.41
002121.SZ,20170714,8.96,9.02,8.88,9.0,8.98,0.02,0.22,80102.62,71718.605
002121.SZ,20170713,8.9,9.02,8.88,8.98,8.92,0.06,0.67,101124.55,90535.888
002121.SZ,20170712,8.91,9.0,8.82,8.94,8.93,0.01,0.11,68173.55,60672.397
002121.SZ,20170711,8.87,9.03,8.81,8.93,8.86,0.07,0.79,103242.8,91981.46
002121.SZ,20170710,8.92,8.95,8.82,8.86,8.91,-0.05,-0.56,80142.59,71231.719
002121.SZ,20170707,8.97,8.97,8.88,8.91,9.01,-0.1,-1.11,114852.82,102467.238
002121.SZ,20170706,8.89,9.08,8.82,9.01,8.88,0.13,1.46,187826.18,168191.299
002121.SZ,20170705,8.74,8.94,8.71,8.88,8.73,0.15,1.72,159853.3,141648.508
002121.SZ,20170704,8.65,8.74,8.6,8.73,8.65,0.08,0.92,82648.88,71817.712
002121.SZ,20170703,8.6,8.67,8.56,8.65,8.6,0.05,0.58,48383.83,41664.016
002121.SZ,20170630,8.62,8.63,8.53,8.6,8.61,-0.01,-0.12,38245.52,32767.638
002121.SZ,20170629,8.64,8.69,8.58,8.61,8.61,0.0,0.0,63844.97,55103.715
002121.SZ,20170628,8.64,8.64,8.56,8.61,8.62,-0.01,-0.12,44197.68,37994.135
002121.SZ,20170627,8.64,8.72,8.59,8.62,8.64,-0.02,-0.23,73575.5,63638.964
002121.SZ,20170626,8.56,8.65,8.54,8.64,8.6,0.04,0.47,60465.05,52030.187
002121.SZ,20170623,8.64,8.7,8.55,8.6,8.64,-0.04,-0.46,87755.29,75529.608
002121.SZ,20170622,8.73,8.84,8.64,8.64,8.75,-0.11,-1.26,97275.2,85153.405
002121.SZ,20170621,8.82,8.85,8.71,8.75,8.85,-0.1,-1.13,89600.17,78561.648
002121.SZ,20170620,8.81,8.96,8.7,8.85,8.79,0.06,0.68,138614.66,122581.689
002121.SZ,20170619,8.78,8.81,8.74,8.79,8.78,0.01,0.11,64511.44,56542.353
002121.SZ,20170616,8.81,8.84,8.72,8.78,8.79,-0.01,-0.11,93472.66,82057.101
002121.SZ,20170615,8.79,8.85,8.72,8.79,8.8,-0.01,-0.11,101789.98,89541.273
002121.SZ,20170614,8.81,8.96,8.74,8.8,9.01,-0.21,-2.33,183131.76,161578.03
002121.SZ,20170613,8.68,9.12,8.68,9.01,8.73,0.28,3.21,239801.46,214507.237
002121.SZ,20170612,8.73,8.83,8.68,8.73,8.76,-0.03,-0.34,87014.13,76209.999
002121.SZ,20170609,8.84,8.89,8.7,8.76,8.85,-0.09,-1.02,138302.31,121087.478
002121.SZ,20170608,8.97,9.01,8.83,8.85,9.07,-0.22,-2.43,206218.96,183621.245
002121.SZ,20170607,8.8,9.09,8.7,9.07,9.11,-0.04,-0.44,420155.5,374137.115
002121.SZ,20170606,9.37,9.37,8.98,9.11,8.52,0.59,6.92,584323.18,538096.914
002121.SZ,20170605,8.5,8.57,8.46,8.52,8.52,0.0,0.0,32889.87,28012.856
002121.SZ,20170602,8.46,8.52,8.35,8.52,8.44,0.08,0.95,57838.23,48755.851
002121.SZ,20170601,8.7,8.7,8.41,8.44,8.73,-0.29,-3.32,72358.2,61589.548
002121.SZ,20170531,8.83,8.88,8.7,8.73,8.74,-0.01,-0.11,56014.89,49042.211
002121.SZ,20170526,8.83,8.85,8.71,8.74,8.82,-0.08,-0.91,54189.82,47502.973
002121.SZ,20170525,8.94,9.04,8.68,8.82,8.54,0.28,3.28,107508.08,94902.415
002121.SZ,20170524,8.48,8.55,8.36,8.54,8.48,0.06,0.71,28296.5,23983.24
002121.SZ,20170523,8.74,8.77,8.38,8.48,8.72,-0.24,-2.75,45575.5,39011.846
002121.SZ,20170522,8.83,8.97,8.69,8.72,8.82,-0.1,-1.13,59706.84,52729.047
002121.SZ,20170519,8.63,8.82,8.63,8.82,8.64,0.18,2.08,53295.3,46627.747
002121.SZ,20170518,8.66,8.76,8.61,8.64,8.7,-0.06,-0.69,34885.88,30313.515
002121.SZ,20170517,8.65,8.82,8.6,8.7,8.64,0.06,0.69,62966.32,54898.01
002121.SZ,20170516,8.37,8.65,8.34,8.64,8.42,0.22,2.61,51807.84,44059.839
002121.SZ,20170515,8.42,8.54,8.37,8.42,8.43,-0.01,-0.12,44896.45,37726.555
002121.SZ,20170512,8.6,8.6,8.39,8.43,8.6,-0.17,-1.98,44904.95,38070.661
002121.SZ,20170511,8.71,8.71,8.34,8.6,8.72,-0.12,-1.38,61399.47,52340.59
002121.SZ,20170510,8.85,8.88,8.72,8.72,8.82,-0.1,-1.13,51118.07,44973.162
002121.SZ,20170509,8.8,8.92,8.7,8.82,8.8,0.02,0.23,44036.78,38842.443
002121.SZ,20170508,9.02,9.1,8.71,8.8,9.04,-0.24,-2.65,75213.0,66827.428
002121.SZ,20170505,8.96,9.09,8.91,9.04,8.88,0.16,1.8,119396.28,107839.712
002121.SZ,20170504,8.72,9.01,8.71,8.88,8.77,0.11,1.25,74631.44,66363.1
002121.SZ,20170503,8.77,8.81,8.7,8.77,8.76,0.01,0.11,41705.3,36596.168
002121.SZ,20170502,8.61,8.81,8.58,8.76,8.62,0.14,1.62,58407.88,50994.698
002121.SZ,20170428,8.6,8.64,8.56,8.62,8.61,0.01,0.12,28133.5,24224.721
002121.SZ,20170427,8.57,8.64,8.49,8.61,8.58,0.03,0.35,56038.53,48092.578
002121.SZ,20170426,8.58,8.63,8.5,8.58,8.44,0.14,1.66,34318.0,29381.865
002121.SZ,20170425,8.41,8.63,8.41,8.44,8.39,0.05,0.6,37333.02,31804.339
002121.SZ,20170424,8.64,8.64,8.39,8.39,8.66,-0.27,-3.12,48958.0,41377.629
002121.SZ,20170421,8.44,8.72,8.39,8.66,8.37,0.29,3.46,95217.77,81992.983
002121.SZ,20170420,8.53,8.62,8.3,8.37,8.56,-0.19,-2.22,64362.96,54608.46
002121.SZ,20170419,8.84,8.84,8.51,8.56,8.84,-0.28,-3.17,74963.3,64398.749
002121.SZ,20170418,8.86,8.96,8.83,8.84,8.84,0.0,0.0,50090.03,44487.101
002121.SZ,20170417,8.89,8.99,8.76,8.84,8.84,0.0,0.0,55590.54,49189.842
002121.SZ,20170414,9.06,9.09,8.78,8.84,9.06,-0.22,-2.43,112941.19,100377.816
002121.SZ,20170413,9.26,9.26,8.74,9.06,9.45,-0.39,-4.13,210374.19,189550.518
002121.SZ,20170327,9.2,9.48,9.2,9.45,9.18,0.27,2.94,189075.32,176546.314
002121.SZ,20170324,9.22,9.26,9.15,9.18,9.24,-0.06,-0.65,72252.97,66351.955
002121.SZ,20170323,9.3,9.36,9.16,9.24,9.3,-0.06,-0.65,92558.29,85667.441
002121.SZ,20170322,9.3,9.38,9.21,9.3,9.36,-0.06,-0.64,119795.82,111218.383
002121.SZ,20170321,9.2,9.56,9.2,9.36,9.15,0.21,2.3,229602.26,215987.699
002121.SZ,20170320,9.03,9.18,9.03,9.15,9.03,0.12,1.33,77842.3,70927.554
002121.SZ,20170317,9.11,9.15,9.0,9.03,9.09,-0.06,-0.66,64778.58,58836.86
002121.SZ,20170316,9.0,9.1,9.0,9.09,9.0,0.09,1.0,47620.97,43197.72
002121.SZ,20170315,9.03,9.08,8.98,9.0,9.05,-0.05,-0.55,51425.62,46330.665
002121.SZ,20170314,9.14,9.15,9.0,9.05,9.15,-0.1,-1.09,68929.42,62616.617
002121.SZ,20170313,9.2,9.2,9.07,9.15,9.18,-0.03,-0.33,48466.51,44212.999
002121.SZ,20170310,9.17,9.21,9.15,9.18,9.18,0.0,0.0,49757.23,45718.198
002121.SZ,20170309,9.17,9.26,9.14,9.18,9.17,0.01,0.11,62816.54,57734.834
002121.SZ,20170308,9.25,9.27,9.15,9.17,9.22,-0.05,-0.54,51881.7,47712.973
002121.SZ,20170307,9.29,9.29,9.12,9.22,9.23,-0.01,-0.11,70016.16,64396.353
002121.SZ,20170306,9.13,9.29,9.13,9.23,9.12,0.11,1.21,77234.55,71190.154
002121.SZ,20170303,9.12,9.13,9.04,9.12,9.08,0.04,0.44,45300.5,41192.141
002121.SZ,20170302,9.14,9.16,9.06,9.08,9.13,-0.05,-0.55,45969.95,41837.27
002121.SZ,20170301,9.19,9.25,9.11,9.13,9.21,-0.08,-0.87,68160.5,62461.72
002121.SZ,20170228,9.16,9.3,9.16,9.21,9.1,0.11,1.21,139032.89,128213.005
002121.SZ,20170227,9.08,9.12,9.01,9.1,9.07,0.03,0.33,72743.99,65987.116
002121.SZ,20170224,8.97,9.1,8.93,9.07,8.98,0.09,1.0,70052.45,63387.324
002121.SZ,20170223,9.0,9.03,8.9,8.98,8.99,-0.01,-0.11,40027.57,35828.919
002121.SZ,20170222,9.03,9.07,8.96,8.99,9.01,-0.02,-0.22,43318.89,38935.784
002121.SZ,20170221,8.89,9.02,8.89,9.01,8.88,0.13,1.46,65537.74,58782.595
002121.SZ,20170220,8.83,8.89,8.81,8.88,8.9,-0.02,-0.22,65209.87,57748.309
002121.SZ,20170217,8.94,9.0,8.87,8.9,8.97,-0.07,-0.78,46233.72,41205.785
002121.SZ,20170216,8.94,9.02,8.9,8.97,8.93,0.04,0.45,41392.7,37101.099
002121.SZ,20170215,9.06,9.1,8.91,8.93,9.03,-0.1,-1.11,59404.51,53520.443
002121.SZ,20170214,9.11,9.12,9.0,9.03,9.12,-0.09,-0.99,57099.83,51647.603
002121.SZ,20170213,9.02,9.2,9.02,9.12,9.1,0.02,0.22,73218.35,66822.97
002121.SZ,20170210,8.99,9.29,8.99,9.1,8.96,0.14,1.56,132516.98,121456.81
002121.SZ,20170209,8.96,9.0,8.89,8.96,8.96,0.0,0.0,44998.11,40279.003
002121.SZ,20170208,9.01,9.01,8.85,8.96,8.95,0.01,0.11,49355.84,43927.404
002121.SZ,20170207,9.02,9.09,8.93,8.95,9.04,-0.09,-1.0,42091.63,37804.797
002121.SZ,20170206,8.88,9.08,8.88,9.04,8.88,0.16,1.8,42566.23,38427.296
002121.SZ,20170203,8.8,8.94,8.8,8.88,8.8,0.08,0.91,26731.95,23748.259
002121.SZ,20170126,8.79,8.85,8.76,8.8,8.76,0.04,0.46,23491.59,20679.265
002121.SZ,20170125,8.72,8.81,8.72,8.76,8.74,0.02,0.23,18676.5,16387.219
002121.SZ,20170124,8.78,8.85,8.74,8.74,8.78,-0.04,-0.46,21687.15,19024.273
002121.SZ,20170123,8.62,8.91,8.62,8.78,8.67,0.11,1.27,27125.5,23882.05
002121.SZ,20170120,8.63,8.68,8.59,8.67,8.59,0.08,0.93,24932.0,21562.463
002121.SZ,20170119,8.6,8.66,8.58,8.59,8.65,-0.06,-0.69,22949.57,19771.693
002121.SZ,20170118,8.69,8.71,8.6,8.65,8.69,-0.04,-0.46,24300.55,21020.886
002121.SZ,20170117,8.6,8.7,8.48,8.69,8.61,0.08,0.93,39077.55,33693.124
002121.SZ,20170116,8.89,8.98,8.08,8.61,8.88,-0.27,-3.04,75055.86,65667.037
002121.SZ,20170113,8.98,8.99,8.86,8.88,9.0,-0.12,-1.33,41942.52,37408.003
002121.SZ,20170112,9.16,9.17,9.0,9.0,9.17,-0.17,-1.85,43367.5,39316.895
002121.SZ,20170111,9.13,9.25,9.1,9.17,9.16,0.01,0.11,49139.5,45044.747
002121.SZ,20170110,9.24,9.24,9.13,9.16,9.26,-0.1,-1.08,57696.75,52892.982
002121.SZ,20170109,9.13,9.33,9.09,9.26,9.11,0.15,1.65,128643.29,118865.984
002121.SZ,20170106,8.93,9.15,8.93,9.11,8.93,0.18,2.02,114195.89,103753.852
002121.SZ,20170105,8.91,9.02,8.89,8.93,8.97,-0.04,-0.45,40738.07,36477.004
002121.SZ,20170104,8.89,9.07,8.86,8.97,8.89,0.08,0.9,55591.41,49967.476
002121.SZ,20170103,8.84,8.9,8.82,8.89,8.82,0.07,0.79,30760.1,27274.752
